-- MariaDB dump 10.19  Distrib 10.4.21-MariaDB, for Win64 (AMD64)
--
-- Host: localhost    Database: catalog
-- ------------------------------------------------------
-- Server version	10.4.21-MariaDB

/*!40101 SET @OLD_CHARACTER_SET_CLIENT=@@CHARACTER_SET_CLIENT */;
/*!40101 SET @OLD_CHARACTER_SET_RESULTS=@@CHARACTER_SET_RESULTS */;
/*!40101 SET @OLD_COLLATION_CONNECTION=@@COLLATION_CONNECTION */;
/*!40101 SET NAMES utf8mb4 */;
/*!40103 SET @OLD_TIME_ZONE=@@TIME_ZONE */;
/*!40103 SET TIME_ZONE='+00:00' */;
/*!40014 SET @OLD_UNIQUE_CHECKS=@@UNIQUE_CHECKS, UNIQUE_CHECKS=0 */;
/*!40014 SET @OLD_FOREIGN_KEY_CHECKS=@@FOREIGN_KEY_CHECKS, FOREIGN_KEY_CHECKS=0 */;
/*!40101 SET @OLD_SQL_MODE=@@SQL_MODE, SQL_MODE='NO_AUTO_VALUE_ON_ZERO' */;
/*!40111 SET @OLD_SQL_NOTES=@@SQL_NOTES, SQL_NOTES=0 */;

--
-- Table structure for table `audio_file`
--

DROP TABLE IF EXISTS `audio_file`;
/*!40101 SET @saved_cs_client     = @@character_set_client */;
/*!40101 SET character_set_client = utf8 */;
CREATE TABLE `audio_file` (
  `id` bigint(20) NOT NULL AUTO_INCREMENT,
  `title` varchar(255) NOT NULL,
  `description` varchar(255) DEFAULT NULL,
  `filename` varchar(255) NOT NULL,
  `mime_type` varchar(255) DEFAULT NULL,
  `duration_seconds` int(11) DEFAULT NULL,
  `size_bytes` bigint(20) NOT NULL,
  `formato` enum('MP3','FLAC','WAV') NOT NULL,
  `cover_path` varchar(255) DEFAULT NULL,
  `genere` varchar(255) DEFAULT NULL,
  `autore` varchar(255) DEFAULT NULL,
  `album` varchar(255) DEFAULT NULL,
  `anno_pubblicazione` int(11) DEFAULT NULL,
  `cancelled` tinyint(1) NOT NULL DEFAULT 0,
  `preferito` tinyint(1) NOT NULL DEFAULT 0,
  `rating` int(11) DEFAULT NULL,
  `visualizzazioni` bigint(20) NOT NULL DEFAULT 0,
  `data_archiviazione` timestamp NULL DEFAULT NULL,
  `data_ultima_visualizzazione` timestamp NULL DEFAULT NULL,
  `backup` tinyint(1) NOT NULL DEFAULT 0,
  `note` varchar(255) DEFAULT NULL,
  `created_at` timestamp NOT NULL DEFAULT current_timestamp(),
  `updated_at` timestamp NULL DEFAULT NULL,
  PRIMARY KEY (`id`)
) ENGINE=InnoDB AUTO_INCREMENT=57 DEFAULT CHARSET=latin1;
/*!40101 SET character_set_client = @saved_cs_client */;

--
-- Dumping data for table `audio_file`
--

LOCK TABLES `audio_file` WRITE;
/*!40000 ALTER TABLE `audio_file` DISABLE KEYS */;
INSERT INTO `audio_file` VALUES (1,'Jingle spot','Spot radio','jingle_spot.mp3','audio/mpeg',30,345678,'MP3','/covers/jingle.jpg','Advertising','Studio S','Campagne',2025,0,1,7,200,'2025-12-16 14:26:17',NULL,0,'30 sec','2026-03-17 07:53:01','2026-03-17 07:53:01'),(2,'Podcast EP1','Introduzione','podcast_ep1.flac','audio/flac',1800,23456789,'FLAC','/covers/podcast1.jpg','Talk','Team A','Podcast Aziendale',2025,0,0,4,150,'2025-12-16 14:26:17',NULL,0,'HQ','2025-12-16 14:26:17',NULL),(3,'Suono notifica','Effect','notification.wav','audio/wav',2,56789,'WAV','/covers/sfx.png','SFX','Design',NULL,NULL,0,0,3,1200,'2025-12-16 14:26:17',NULL,0,'UI','2025-12-16 14:26:17',NULL),(4,'Background track','Ambient','bg.ogg','audio/mpeg',240,4567890,'MP3','/covers/bg.jpg','Ambient','Composer X','Promo',2024,0,0,4,60,'2025-12-16 14:26:17',NULL,0,'','2025-12-16 14:26:17','2026-01-26 08:07:55'),(5,'Meeting rec','Riunione 10/12','meeting.mp3','audio/mpeg',3600,34567890,'MP3','/covers/meeting.jpg','Speech','Studio S','Meeting',2025,0,0,3,20,'2025-12-16 14:26:17',NULL,0,'Interno','2026-01-16 12:11:33','2026-01-26 08:14:31'),(6,'Morning Podcast Episode 1','Discussione sulle news del giorno','podcast_ep1.mp3','audio/mpeg',1320,24576000,'MP3','/covers/podcast1.mp3','Podcast','Luca Bianchi','Morning Talks',2024,0,0,4,120,'2024-01-09 23:00:00','2024-01-10 23:00:00',0,NULL,'2026-01-29 14:22:14',NULL),(7,'Chill Beats Vol.1','Musica rilassante per studio','chill_beats1.flac','audio/flac',1800,105000000,'FLAC','/covers/chill1.png','Lo-Fi','DJ Relax','Chill Beats',2023,0,1,5,5400,'2024-01-11 23:00:00','2024-01-14 23:00:00',1,NULL,'2026-01-29 14:22:14',NULL),(8,'SFX - Door Close','Effetto sonoro porta che si chiude','sfx_door_close.wav','audio/wav',3,480000,'WAV','/covers/sfx.wav','SFX','SoundLab','Effects Pack',2022,0,0,3,210,'2024-01-11 23:00:00',NULL,0,NULL,'2026-01-29 14:22:14',NULL),(9,'Classical Symphony No.5','Estratto orchestrale','symphony5.mp3','audio/mpeg',420,8400000,'MP3','/covers/classic5.jpg','Classica','Orchestra Milano','Sinfonie',2019,0,0,5,3200,'2024-01-12 23:00:00','2024-01-19 23:00:00',0,NULL,'2026-01-29 14:22:14',NULL),(10,'Audiobook - Capitolo 1','Primo capitolo del romanzo','audiobook_ch1.mp3','audio/mpeg',900,18000000,'MP3','/covers/book1.jpg','Audiolibro','Marco Rossi','Il Viaggio',2021,0,0,4,800,'2024-01-13 23:00:00',NULL,0,NULL,'2026-01-29 14:22:14',NULL),(11,'Rock Anthem','Brano rock energico','rock_anthem.flac','audio/flac',260,52000000,'FLAC','/covers/rock1.jpg','Rock','The Flames','Fire Inside',2020,0,1,5,12000,'2024-01-13 23:00:00','2024-01-17 23:00:00',1,NULL,'2026-01-29 14:22:14',NULL),(12,'Meditation Ocean','Suoni del mare per meditazione','meditation_ocean.wav','audio/wav',600,96000000,'WAV','/covers/med_ocean.jpg','Ambient','Zen Studio','Nature Sounds',2018,0,0,4,4500,'2024-01-14 23:00:00',NULL,0,NULL,'2026-01-29 14:22:14',NULL),(13,'Podcast Tech Ep.12','Approfondimento su IA e futuro','tech_ep12.mp3','audio/mpeg',1500,28000000,'MP3','/covers/tech12.jpg','Podcast','Giulia Verdi','Tech Talks',2024,0,0,5,980,'2024-01-14 23:00:00','2024-01-15 23:00:00',0,NULL,'2026-01-29 14:22:14',NULL),(14,'Jazz Night','Improvisazione jazz live','jazz_night.flac','audio/flac',720,150000000,'FLAC','/covers/jazz1.jpg','Jazz','Blue Quartet','Live Sessions',2022,0,1,5,2300,'2024-01-15 23:00:00',NULL,1,NULL,'2026-01-29 14:22:14',NULL),(15,'SFX - Explosion','Esplosione cinematografica','sfx_explosion.wav','audio/wav',4,640000,'WAV','/covers/sfx.wav','SFX','SoundLab','Effects Pack',2022,0,0,4,500,'2024-01-15 23:00:00',NULL,0,NULL,'2026-01-29 14:22:14',NULL),(16,'Pop Hit 2023','Singolo pop di successo','pop_hit2023.mp3','audio/mpeg',210,4200000,'MP3','/covers/pop2023.jpg','Pop','Sara White','Shining',2023,0,1,5,15000,'2024-01-16 23:00:00','2024-01-20 23:00:00',0,NULL,'2026-01-29 14:22:14',NULL),(17,'Lo-Fi Rain','Pioggia e beat rilassanti','lofi_rain.flac','audio/flac',1800,110000000,'FLAC','/covers/lofi_rain.jpg','Lo-Fi','DJ Cloud','Rainy Days',2023,0,0,4,7600,'2024-01-16 23:00:00',NULL,1,NULL,'2026-01-29 14:22:14',NULL),(18,'SFX - Footsteps','Passi su pavimento','sfx_footsteps.wav','audio/wav',6,960000,'WAV','/covers/sfx.wav','SFX','SoundLab','Effects Pack',2022,0,0,3,340,'2024-01-17 23:00:00',NULL,0,NULL,'2026-01-29 14:22:14',NULL),(19,'Piano Solo','Composizione per piano','piano_solo.mp3','audio/mpeg',300,6000000,'MP3','/covers/piano1.jpg','Classica','Anna Forte','Piano Moments',2020,0,0,5,4100,'2024-01-17 23:00:00','2024-01-18 23:00:00',0,NULL,'2026-01-29 14:22:14',NULL),(20,'Electronic Pulse','Brano elettronico energico','electro_pulse.flac','audio/flac',240,48000000,'FLAC','/covers/electro1.jpg','Electronic','PulseWave','Neon Lights',2021,0,0,4,8900,'2024-01-18 23:00:00',NULL,1,NULL,'2026-01-29 14:22:14',NULL),(21,'SFX - Thunder','Tuono realistico','sfx_thunder.wav','audio/wav',8,1280000,'WAV','/covers/sfx.wav','SFX','SoundLab','Weather Pack',2020,0,0,4,780,'2024-01-18 23:00:00',NULL,0,NULL,'2026-01-29 14:22:14',NULL),(22,'Podcast Storia Ep.3','Racconto storico dettagliato','history_ep3.mp3','audio/mpeg',1800,36000000,'MP3','/covers/history3.jpg','Podcast','Paolo Neri','Storie d’Italia',2024,0,0,5,620,'2024-01-19 23:00:00',NULL,0,NULL,'2026-01-29 14:22:14',NULL),(23,'Metal Fury','Brano metal aggressivo','metal_fury.flac','audio/flac',260,52000000,'FLAC','/covers/metal1.jpg','Metal','IronStorm','Rage',2022,0,1,5,9800,'2024-01-19 23:00:00','2024-01-21 23:00:00',1,NULL,'2026-01-29 14:22:14',NULL),(24,'Nature Forest','Suoni della foresta','forest.wav','audio/wav',900,144000000,'WAV','/covers/nature1.jpg','Ambient','Zen Studio','Nature Sounds',2018,0,0,4,5400,'2024-01-20 23:00:00',NULL,0,NULL,'2026-01-29 14:22:14',NULL),(25,'Rap Flow','Brano rap moderno','rap_flow.mp3','audio/mpeg',200,4000000,'MP3','/covers/rap1.jpg','Rap','MC Black','Street Lines',2023,0,0,5,13400,'2024-01-20 23:00:00','2024-01-22 23:00:00',0,NULL,'2026-01-29 14:22:14',NULL),(26,'Podcast Cucina Ep.5','Ricette e consigli culinari','cucina_ep5.mp3','audio/mpeg',1600,30000000,'MP3','/covers/cucina5.jpg','Podcast','Chef Mario','Cucina Facile',2024,0,0,4,450,'2024-01-21 23:00:00',NULL,0,NULL,'2026-01-29 14:22:14',NULL),(27,'Ambient Space','Musica spaziale rilassante','space_ambient.flac','audio/flac',2400,160000000,'FLAC','/covers/space1.jpg','Ambient','Cosmic Echo','Galaxy Dreams',2021,0,1,5,7200,'2024-01-21 23:00:00',NULL,1,NULL,'2026-01-29 14:22:14',NULL),(28,'SFX - Laser Shot','Colpo laser futuristico','sfx_laser.wav','audio/wav',2,320000,'WAV','/covers/sfx.wav','SFX','SoundLab','SciFi Pack',2023,0,0,3,210,'2024-01-22 23:00:00',NULL,0,NULL,'2026-01-29 14:22:14',NULL),(29,'Indie Vibes','Brano indie acustico','indie_vibes.mp3','audio/mpeg',230,4600000,'MP3','/covers/indie1.jpg','Indie','The Woods','Acoustic Days',2022,0,0,4,3100,'2024-01-22 23:00:00',NULL,0,NULL,'2026-01-29 14:22:14',NULL),(30,'Trap Beat','Base trap moderna','trap_beat.flac','audio/flac',180,36000000,'FLAC','/covers/trap1.jpg','Trap','BeatMaster','808 Collection',2023,0,1,5,15000,'2024-01-23 23:00:00','2024-01-24 23:00:00',1,NULL,'2026-01-29 14:22:14',NULL),(31,'SFX - Wind Strong','Vento forte realistico','sfx_wind.wav','audio/wav',10,1600000,'WAV','/covers/sfx.wav','SFX','SoundLab','Weather Pack',2020,0,0,4,600,'2024-01-23 23:00:00',NULL,0,NULL,'2026-01-29 14:22:14',NULL),(32,'Podcast Economia Ep.7','Analisi dei mercati finanziari','economia_ep7.mp3','audio/mpeg',1700,32000000,'MP3','/covers/economy7.jpg','Podcast','Laura Conti','Finanza Semplice',2024,0,0,5,780,'2024-01-24 23:00:00',NULL,0,NULL,'2026-01-29 14:22:14',NULL),(33,'Soul Groove','Brano soul caldo e avvolgente','soul_groove.flac','audio/flac',300,60000000,'FLAC','/covers/soul1.jpg','Soul','Golden Voice','Deep Feelings',2021,0,1,5,4200,'2024-01-24 23:00:00',NULL,1,NULL,'2026-01-29 14:22:14',NULL),(34,'SFX - Car Engine','Motore auto in accelerazione','sfx_car.wav','audio/wav',5,800000,'WAV','/covers/sfx.wav','SFX','SoundLab','Vehicles Pack',2022,0,0,3,330,'2024-01-25 23:00:00',NULL,0,NULL,'2026-01-29 14:22:14',NULL),(35,'Romantic Ballad','Ballata romantica acustica','romantic_ballad.mp3','audio/mpeg',260,5200000,'MP3','/covers/ballad1.jpg','Romantica','Elisa Blue','Heart Songs',2020,0,0,5,8900,'2024-01-25 23:00:00',NULL,0,NULL,'2026-01-29 14:22:14',NULL),(36,'Deep House Mix','Mix deep house per party','deep_house.flac','audio/flac',3600,240000000,'FLAC','/covers/house1.jpg','House','DJ Night','Club Sessions',2023,0,1,5,21000,'2024-01-26 23:00:00','2024-01-27 23:00:00',1,NULL,'2026-01-29 14:22:14',NULL),(37,'SFX - Glass Break','Vetro che si rompe','sfx_glass.wav','audio/wav',2,320000,'WAV','/covers/sfx.wav','SFX','SoundLab','Effects Pack',2022,0,0,3,410,'2024-01-26 23:00:00',NULL,0,NULL,'2026-01-29 14:22:14',NULL),(38,'Folk Story','Brano folk tradizionale','folk_story.mp3','audio/mpeg',240,4800000,'MP3','/covers/folk1.jpg','Folk','Old Strings','Traditions',2019,0,0,4,2600,'2024-01-27 23:00:00',NULL,0,NULL,'2026-01-29 14:22:14',NULL),(39,'Ambient Piano','Piano ambient rilassante','ambient_piano.flac','audio/flac',1200,80000000,'FLAC','/covers/piano2.jpg','Ambient','Zen Keys','Calm Waves',2022,0,1,5,5400,'2024-01-27 23:00:00',NULL,1,NULL,'2026-01-29 14:22:14',NULL),(40,'SFX - Water Splash','Schizzo d’acqua','sfx_water.wav','audio/wav',3,480000,'WAV','/covers/sfx.wav','SFX','SoundLab','Water Pack',2021,0,0,3,290,'2024-01-28 23:00:00',NULL,0,NULL,'2026-01-29 14:22:14',NULL),(41,'Hip Hop Old School','Brano hip hop anni 90','hiphop_old.mp3','audio/mpeg',300,6000000,'MP3','/covers/hiphop1.jpg','Hip Hop','Urban Crew','Old School',1998,0,0,5,15000,'2024-01-28 23:00:00',NULL,0,NULL,'2026-01-29 14:22:14',NULL),(42,'Podcast Psicologia Ep.2','Gestione dello stress','psico_ep2.mp3','audio/mpeg',1400,26000000,'MP3','/covers/psico2.jpg','Podcast','Dott.ssa Riva','Mente Serena',2024,0,0,5,900,'2024-01-29 23:00:00',NULL,0,NULL,'2026-01-29 14:22:14',NULL),(43,'Reggae Sunshine','Brano reggae estivo','reggae_sunshine.flac','audio/flac',210,42000000,'FLAC','/covers/reggae1.jpg','Reggae','Island Vibes','Summer Roots',2021,0,1,5,7800,'2024-01-29 23:00:00',NULL,1,NULL,'2026-01-29 14:22:14',NULL),(44,'SFX - Fire Crackling','Crepitio del fuoco','sfx_fire.wav','audio/wav',12,1920000,'WAV','/covers/sfx.wav','SFX','SoundLab','Nature Pack',2020,0,0,4,500,'2024-01-30 23:00:00',NULL,0,NULL,'2026-01-29 14:22:14',NULL),(45,'Epic Trailer','Musica epica per trailer','epic_trailer.mp3','audio/mpeg',180,3600000,'MP3','/covers/epic_trailer.jpg','Epic','Orchestra Nova','Cinematic Themes',2022,0,1,5,11200,'2024-01-30 23:00:00','2024-01-31 23:00:00',1,'','2026-03-17 13:19:28','2026-03-17 13:19:28'),(46,'SFX - Sword Clash','Colpo di spada metallica','sfx_sword.wav','audio/wav',3,480000,'WAV','/covers/sfx.wav','SFX','SoundLab','Battle Pack',2021,0,0,4,350,'2024-01-31 23:00:00',NULL,0,NULL,'2026-01-29 14:22:14',NULL),(47,'Latin Groove','Brano latino ballabile','latin_groove.flac','audio/flac',220,44000000,'FLAC','/covers/latin1.jpg','Latin','Los Ritmos','Fiesta',2020,0,1,5,6700,'2024-01-31 23:00:00',NULL,1,NULL,'2026-01-29 14:22:14',NULL),(48,'Podcast Sport Ep.4','Commento alla giornata di campionato','sport_ep4.mp3','audio/mpeg',1500,29000000,'MP3','/covers/sport4.jpg','Podcast','Andrea De Luca','Zona Sport',2024,0,0,4,520,'2024-02-01 23:00:00',NULL,0,NULL,'2026-01-29 14:22:14',NULL),(49,'Choral Harmony','Coro polifonico','choral_harmony.flac','audio/flac',360,72000000,'FLAC','/covers/choral1.jpg','Classica','Coro Cittadino','Voices',2019,0,0,5,3100,'2024-02-01 23:00:00',NULL,1,NULL,'2026-01-29 14:22:14',NULL),(50,'SFX - Door Creak','Porta che cigola','sfx_door_creak.wav','audio/wav',4,640000,'WAV','/covers/sfx.wav','SFX','SoundLab','Horror Pack',2022,0,0,3,270,'2024-02-02 23:00:00',NULL,0,NULL,'2026-01-29 14:22:14',NULL),(51,'Acoustic Sunrise','Brano acustico mattutino','acoustic_sunrise.mp3','audio/mpeg',240,4800000,'MP3','/covers/acoustic1.jpg','Acustico','Luca Green','Morning Light',2021,0,0,4,4300,'2024-02-02 23:00:00',NULL,0,'','2026-03-17 08:40:09','2026-03-17 08:40:09'),(52,'Techno Night','Brano techno da club','techno_night.flac','audio/flac',300,60000000,'FLAC','/covers/techno1.jpg','Techno','Dark Room','Midnight',2023,0,1,5,9800,'2024-02-03 23:00:00','2024-02-04 23:00:00',1,NULL,'2026-01-29 14:22:14',NULL),(53,'SFX - Crowd Cheer','Applausi e urla di folla','sfx_crowd.wav','audio/wav',7,1120000,'WAV','/covers/sfx.wav','SFX','SoundLab','Stadium Pack',2020,0,0,4,640,'2024-02-03 23:00:00',NULL,0,NULL,'2026-01-29 14:22:14',NULL),(54,'Lo-Fi Night Drive','Beat lo-fi per guida notturna','lofi_night_drive.mp3','audio/mpeg',210,4200000,'MP3','/covers/lofi_night.jpg','Lo-Fi','Midnight Beats','Night Drive',2022,0,1,5,7200,'2024-02-04 23:00:00',NULL,0,NULL,'2026-01-29 14:22:14',NULL),(55,'World Fusion','Brano fusion con strumenti etnici','world_fusion.flac','audio/flac',280,56000000,'FLAC','/covers/world1.jpg','World','Global Sound','Horizons',2021,0,0,4,3900,'2024-02-04 23:00:00',NULL,1,NULL,'2026-01-29 14:22:14',NULL),(56,'SFX - Keyboard Typing','Digitazione su tastiera','sfx_keyboard.wav','audio/wav',5,800000,'WAV','/covers/sfx.wav','SFX','SoundLab','Office Pack',2023,0,0,3,310,'2024-02-05 23:00:00',NULL,0,NULL,'2026-01-29 14:22:14',NULL);
/*!40000 ALTER TABLE `audio_file` ENABLE KEYS */;
UNLOCK TABLES;

--
-- Table structure for table `chitarra`
--

DROP TABLE IF EXISTS `chitarra`;
/*!40101 SET @saved_cs_client     = @@character_set_client */;
/*!40101 SET character_set_client = utf8 */;
CREATE TABLE `chitarra` (
  `id` int(11) NOT NULL AUTO_INCREMENT,
  `id_video` int(11) NOT NULL,
  `visto` tinyint(1) DEFAULT 0,
  `todo` tinyint(1) DEFAULT 0,
  `difficolta` varchar(255) DEFAULT NULL,
  `autore` varchar(255) DEFAULT NULL,
  PRIMARY KEY (`id`),
  UNIQUE KEY `id_video` (`id_video`),
  CONSTRAINT `chitarra_ibfk_1` FOREIGN KEY (`id_video`) REFERENCES `video` (`id`) ON DELETE CASCADE
) ENGINE=InnoDB AUTO_INCREMENT=3 DEFAULT CHARSET=latin1;
/*!40101 SET character_set_client = @saved_cs_client */;

--
-- Dumping data for table `chitarra`
--

LOCK TABLES `chitarra` WRITE;
/*!40000 ALTER TABLE `chitarra` DISABLE KEYS */;
INSERT INTO `chitarra` VALUES (1,1016,0,0,'intermedio','Tuccio Musumeci'),(2,1017,0,0,'base','Tuccio Musumeci');
/*!40000 ALTER TABLE `chitarra` ENABLE KEYS */;
UNLOCK TABLES;

--
-- Table structure for table `chitarra_bck`
--

DROP TABLE IF EXISTS `chitarra_bck`;
/*!40101 SET @saved_cs_client     = @@character_set_client */;
/*!40101 SET character_set_client = utf8 */;
CREATE TABLE `chitarra_bck` (
  `id` int(11) NOT NULL AUTO_INCREMENT,
  `id_video` int(11) NOT NULL,
  `visto` tinyint(1) DEFAULT 0,
  `todo` tinyint(1) DEFAULT 0,
  `difficolta` varchar(255) DEFAULT NULL,
  `autore` varchar(255) DEFAULT NULL,
  PRIMARY KEY (`id`),
  UNIQUE KEY `id_video` (`id_video`),
  CONSTRAINT `chitarra_bck_ibfk_1` FOREIGN KEY (`id_video`) REFERENCES `video` (`id`) ON DELETE CASCADE
) ENGINE=InnoDB AUTO_INCREMENT=104 DEFAULT CHARSET=latin1;
/*!40101 SET character_set_client = @saved_cs_client */;

--
-- Dumping data for table `chitarra_bck`
--

LOCK TABLES `chitarra_bck` WRITE;
/*!40000 ALTER TABLE `chitarra_bck` DISABLE KEYS */;
INSERT INTO `chitarra_bck` VALUES (1,3,1,1,'avanzato','Vince Carpentieri'),(2,4,0,1,'base','Claudio Cicolin'),(5,111,1,0,'base','Alessandro Barbetti'),(7,198,1,1,'avanzato','Paolo Pilo'),(10,63,1,1,'intermedio','Alessandro Barbetti'),(11,203,1,0,'base','Claudio Cicolin'),(13,150,1,0,'avanzato','Claudio Cicolin'),(14,185,0,0,'intermedio','Alessandro Barbetti'),(17,205,0,0,'intermedio','Alessandro Barbetti'),(18,105,1,0,'intermedio','Alessandro Barbetti'),(23,196,1,1,'base','Claudio Cicolin'),(25,110,1,1,'avanzato','Paolo Pilo'),(27,55,1,1,'intermedio','Paolo Pilo'),(29,139,1,1,'base','Claudio Cicolin'),(32,134,0,0,'base','Alessandro Barbetti'),(34,169,0,1,'avanzato','Claudio Cicolin'),(35,174,0,0,'base','Alessandro Barbetti'),(36,118,1,1,'base','Paolo Pilo'),(37,77,1,1,'avanzato','Alessandro Barbetti'),(41,103,0,1,'base','Claudio Cicolin'),(42,182,0,0,'avanzato','Paolo Pilo'),(44,128,1,0,'avanzato','Claudio Cicolin'),(45,158,0,1,'intermedio','Claudio Cicolin'),(46,114,1,1,'intermedio','Alessandro Barbetti'),(48,116,1,1,'base','Alessandro Barbetti'),(49,199,0,1,'base','Claudio Cicolin'),(50,115,0,1,'avanzato','Paolo Pilo'),(51,201,0,1,'avanzato','Alessandro Barbetti'),(52,135,0,0,'base','Paolo Pilo'),(53,102,1,0,'base','Paolo Pilo'),(56,62,0,0,'avanzato','Alessandro Barbetti'),(57,65,0,1,'base','Claudio Cicolin'),(58,187,0,0,'avanzato','Alessandro Barbetti'),(61,81,0,0,'intermedio','Claudio Cicolin'),(63,100,0,1,'base','Claudio Cicolin'),(65,108,1,1,'base','Claudio Cicolin'),(66,74,0,1,'base','Alessandro Barbetti'),(67,61,0,1,'avanzato','Claudio Cicolin'),(68,166,0,0,'avanzato','Claudio Cicolin'),(69,109,1,0,'avanzato','Claudio Cicolin'),(70,95,1,0,'avanzato','Paolo Pilo'),(71,157,1,1,'base','Paolo Pilo'),(73,186,1,0,'intermedio','Alessandro Barbetti'),(74,92,1,1,'avanzato','Claudio Cicolin'),(75,83,0,1,'base','Claudio Cicolin'),(76,130,1,1,'avanzato','Paolo Pilo'),(77,72,1,1,'intermedio','Claudio Cicolin'),(78,133,1,1,'avanzato','Paolo Pilo'),(79,138,1,0,'base','Alessandro Barbetti'),(81,124,1,0,'base','Paolo Pilo'),(83,91,1,1,'avanzato','Claudio Cicolin'),(85,112,1,1,'base','Claudio Cicolin'),(86,129,0,0,'base','Claudio Cicolin'),(87,127,0,0,'avanzato','Paolo Pilo'),(89,164,1,1,'avanzato','Claudio Cicolin'),(90,140,1,0,'base','Alessandro Barbetti'),(91,146,1,1,'intermedio','Alessandro Barbetti'),(92,132,0,1,'avanzato','Claudio Cicolin'),(94,85,0,1,'avanzato','Alessandro Barbetti'),(97,96,1,0,'avanzato','Claudio Cicolin'),(98,180,1,1,'avanzato','Claudio Cicolin'),(99,171,0,0,'avanzato','Paolo Pilo'),(100,194,0,1,'avanzato','Claudio Cicolin');
/*!40000 ALTER TABLE `chitarra_bck` ENABLE KEYS */;
UNLOCK TABLES;

--
-- Table structure for table `documenti`
--

DROP TABLE IF EXISTS `documenti`;
/*!40101 SET @saved_cs_client     = @@character_set_client */;
/*!40101 SET character_set_client = utf8 */;
CREATE TABLE `documenti` (
  `id` bigint(20) unsigned NOT NULL AUTO_INCREMENT,
  `nome` varchar(255) NOT NULL COMMENT 'Nome documento che il più delle volte coincide con il nome del file.',
  `path_file` varchar(255) DEFAULT NULL COMMENT 'Percorso completo sul PC',
  `dimensione` bigint(20) DEFAULT NULL COMMENT 'Dimensione espressa in MB',
  `data_archiviazione` timestamp NOT NULL DEFAULT current_timestamp() COMMENT 'data di archiviazione del file',
  `last_update` timestamp NOT NULL DEFAULT current_timestamp() COMMENT 'Ultima modifica',
  `autore` varchar(255) DEFAULT NULL COMMENT 'Autore del documento',
  `descrizione` varchar(255) DEFAULT NULL,
  `categoria` varchar(255) DEFAULT NULL,
  `lingua` varchar(255) DEFAULT NULL COMMENT 'Lingua del documento (es. IT, EN)',
  `versione` int(11) DEFAULT 1,
  `stato` varchar(255) DEFAULT NULL,
  `origine` varchar(255) DEFAULT NULL COMMENT 'Origine del file (es. scanner, download, email)',
  `preferito` tinyint(1) NOT NULL DEFAULT 0,
  `rating` int(11) DEFAULT NULL,
  `visualizzazioni` bigint(20) NOT NULL DEFAULT 0,
  `backup` tinyint(1) NOT NULL DEFAULT 0,
  `note` varchar(255) DEFAULT NULL COMMENT 'Annotazioni aggiuntive',
  `estensione` varchar(255) DEFAULT NULL COMMENT 'Tipo di file (pdf, docx, txt...)',
  `last_view` datetime(6) DEFAULT NULL,
  PRIMARY KEY (`id`)
) ENGINE=InnoDB AUTO_INCREMENT=34 DEFAULT CHARSET=latin1;
/*!40101 SET character_set_client = @saved_cs_client */;

--
-- Dumping data for table `documenti`
--

LOCK TABLES `documenti` WRITE;
/*!40000 ALTER TABLE `documenti` DISABLE KEYS */;
INSERT INTO `documenti` VALUES (1,'Fattura_2024_001.pdf','/docs/fatture/2024/Fattura_001.pdf',2,'2024-01-10 09:15:00','2024-01-10 09:15:00','Mario Rossi','Fattura gennaio','fattura','IT',1,'attivo','email',0,4,12,0,NULL,'pdf','2024-01-11 09:00:00.000000'),(2,'Report_Vendite_Q1.pdf','/docs/report/Report_Vendite_Q1.pdf',5,'2024-02-02 13:20:00','2024-02-02 13:20:00','Luca Bianchi','Report trimestrale vendite','report','IT',1,'attivo','download',1,5,45,1,'Analisi dettagliata','pdf','2024-02-05 16:00:00.000000'),(3,'Contratto_Cliente_Alpha.docx','/docs/contratti/Cliente_Alpha.docx',3,'2024-03-01 08:00:00','2024-03-01 08:00:00','Giuseppe Verdi','Contratto di fornitura','contratto','IT',2,'archiviato','scanner',0,3,8,0,NULL,'docx',NULL),(4,'Curriculum_MarcoRossi.pdf','/docs/cv/Marco_Rossi.pdf',1,'2024-01-15 10:00:00','2024-01-15 10:00:00','Marco Rossi','CV aggiornato','Curriculum','IT',1,'attivo','upload',0,4,22,0,NULL,'pdf','2024-01-20 10:00:00.000000'),(5,'Certificato_Corso_Java.pdf','/docs/certificati/Java.pdf',1,'2024-02-10 07:30:00','2024-02-10 07:30:00','Anna Neri','Certificazione Java','certificati','EN',1,'attivo','email',1,5,60,1,NULL,'pdf','2024-02-12 09:00:00.000000'),(6,'Guida_Installazione_Software.pdf','/docs/guide/installazione.pdf',4,'2024-01-22 12:00:00','2024-01-22 12:00:00','Tech Team','Guida tecnica','guida','IT',1,'attivo','download',0,4,33,0,NULL,'pdf',NULL),(7,'Articolo_AI_2024.txt','/docs/articoli/AI_2024.txt',1,'2024-03-05 16:00:00','2024-03-05 16:00:00','Redazione','Articolo sull’AI','articolo','IT',1,'attivo','email',0,3,15,0,NULL,'txt',NULL),(8,'Fattura_2024_002.pdf','/docs/fatture/2024/Fattura_002.pdf',3,'2024-01-12 08:30:00','2024-01-12 08:30:00','Mario Rossi','Fattura febbraio','fattura','IT',1,'attivo','email',0,4,18,0,NULL,'pdf','2024-01-13 10:00:00.000000'),(9,'Report_Sicurezza_2024.pdf','/docs/report/sicurezza.pdf',6,'2024-02-18 09:00:00','2024-02-18 09:00:00','Luca Bianchi','Report sicurezza annuale','report','IT',1,'archiviato','download',0,5,70,1,NULL,'pdf',NULL),(10,'Contratto_Cliente_Beta.docx','/docs/contratti/Cliente_Beta.docx',4,'2024-03-03 11:00:00','2024-03-03 11:00:00','Giuseppe Verdi','Contratto servizio','contratto','IT',1,'attivo','scanner',0,4,10,0,NULL,'docx',NULL),(11,'Fattura_2024_001_RossiSpa.pdf','/archivio/fatture/2024/Fattura_001_RossiSpa.pdf',3,'2024-01-05 08:12:00','2024-01-05 08:12:00','Ufficio Amministrazione','Fattura gennaio Rossi S.p.A.','fattura','IT',1,'attivo','email',0,4,18,0,NULL,'pdf','2024-01-06 10:00:00.000000'),(12,'Fattura_2024_002_BianchiSRL.pdf','/archivio/fatture/2024/Fattura_002_BianchiSRL.pdf',2,'2024-02-03 09:00:00','2024-02-03 09:00:00','Ufficio Amministrazione','Fattura febbraio Bianchi Srl','fattura','IT',1,'attivo','email',0,5,25,0,NULL,'pdf','2024-02-04 09:00:00.000000'),(13,'Fattura_2024_003_AlfaGroup.pdf','/archivio/fatture/2024/Fattura_003_AlfaGroup.pdf',4,'2024-03-04 10:30:00','2024-03-04 10:30:00','Ufficio Amministrazione','Fattura marzo Alfa Group','fattura','IT',1,'attivo','email',1,4,30,1,NULL,'pdf','2024-03-05 08:00:00.000000'),(14,'Fattura_2023_012_Storico.pdf','/archivio/fatture/2023/Fattura_012_Storico.pdf',3,'2023-12-10 13:00:00','2023-12-10 13:00:00','Ufficio Amministrazione','Ultima fattura 2023','fattura','IT',1,'archiviato','scanner',0,3,12,0,NULL,'pdf',NULL),(15,'Fattura_2022_Archivio_007.pdf','/archivio/fatture/2022/Fattura_007.pdf',2,'2022-07-15 07:00:00','2022-07-15 07:00:00','Ufficio Amministrazione','Fattura storica','fattura','IT',1,'archiviato','scanner',0,2,5,0,NULL,'pdf',NULL),(16,'Report_Vendite_Q1_2024.pdf','/report/2024/Report_Vendite_Q1.pdf',6,'2024-04-01 06:00:00','2024-04-01 06:00:00','Luca Bianchi','Analisi vendite Q1','report','IT',1,'attivo','download',1,5,80,1,NULL,'pdf','2024-04-02 09:00:00.000000'),(17,'Report_Vendite_Q2_2024.pdf','/report/2024/Report_Vendite_Q2.pdf',7,'2024-07-01 06:00:00','2024-07-01 06:00:00','Luca Bianchi','Analisi vendite Q2','report','IT',1,'attivo','download',0,4,65,1,NULL,'pdf',NULL),(18,'Report_Sicurezza_2023.pdf','/report/2023/Report_Sicurezza.pdf',5,'2023-11-20 09:00:00','2023-11-20 09:00:00','Team Sicurezza','Report annuale sicurezza','report','IT',1,'archiviato','email',0,5,120,1,NULL,'pdf',NULL),(19,'Report_IT_Infrastruttura.pdf','/report/it/infrastruttura.pdf',4,'2024-02-15 08:00:00','2024-02-15 08:00:00','Team IT','Stato infrastruttura IT','report','IT',1,'attivo','download',0,4,40,0,NULL,'pdf',NULL),(20,'Contratto_Cliente_Alpha_2024.docx','/contratti/2024/Cliente_Alpha.docx',3,'2024-01-20 09:00:00','2024-01-20 09:00:00','Giuseppe Verdi','Contratto fornitura Alpha','contratto','IT',2,'attivo','scanner',0,4,15,0,NULL,'docx',NULL),(21,'Contratto_Cliente_Beta_2023.docx','/contratti/2023/Cliente_Beta.docx',4,'2023-06-10 09:00:00','2023-06-10 09:00:00','Giuseppe Verdi','Contratto servizio Beta','contratto','IT',1,'archiviato','scanner',0,3,9,0,NULL,'docx',NULL),(22,'Contratto_Cliente_Gamma_2022.docx','/contratti/2022/Cliente_Gamma.docx',3,'2022-03-15 08:00:00','2022-03-15 08:00:00','Giuseppe Verdi','Contratto storico Gamma','contratto','IT',1,'archiviato','scanner',0,2,4,0,NULL,'docx',NULL),(23,'Contratto_Interno_Manutenzione.docx','/contratti/interni/manutenzione.docx',2,'2024-02-01 13:00:00','2024-02-01 13:00:00','Team IT','Contratto manutenzione interna','contratto','IT',1,'attivo','email',1,5,22,0,NULL,'docx',NULL),(24,'CV_Marco_Rossi.pdf','/cv/Marco_Rossi.pdf',1,'2024-01-12 08:00:00','2024-01-12 08:00:00','Marco Rossi','Curriculum aggiornato','Curriculum','IT',1,'attivo','upload',0,4,20,0,NULL,'pdf','2024-01-13 10:00:00.000000'),(25,'CV_Laura_Bianchi.pdf','/cv/Laura_Bianchi.pdf',1,'2024-02-10 09:00:00','2024-02-10 09:00:00','Laura Bianchi','Candidatura area marketing','Curriculum','IT',1,'attivo','upload',0,5,18,0,NULL,'pdf',NULL),(26,'CV_Andrea_Neri.pdf','/cv/Andrea_Neri.pdf',1,'2023-12-01 07:00:00','2023-12-01 07:00:00','Andrea Neri','Candidatura area IT','Curriculum','IT',1,'archiviato','email',0,3,10,0,NULL,'pdf',NULL),(27,'CV_Sara_Conti.pdf','/cv/Sara_Conti.pdf',1,'2024-03-01 08:00:00','2024-03-01 08:00:00','Sara Conti','Candidatura HR','Curriculum','IT',1,'attivo','upload',1,5,28,0,NULL,'pdf','2024-03-02 11:00:00.000000'),(28,'Certificato_Corso_Java_2024.pdf','/certificati/java_2024.pdf',1,'2024-02-20 07:00:00','2024-02-20 07:00:00','Anna Neri','Certificazione Java','certificati','EN',1,'eliminato','email',1,5,60,1,NULL,'pdf','2024-02-21 09:00:00.000000'),(29,'Certificato_Sicurezza_2023.pdf','/certificati/sicurezza_2023.pdf',1,'2023-09-10 08:00:00','2023-09-10 08:00:00','Luca Bianchi','Certificazione sicurezza','certificati','IT',1,'archiviato','email',0,4,25,0,NULL,'pdf',NULL),(30,'Guida_Installazione_Server.pdf','/guide/installazione_server.pdf',5,'2024-01-18 13:00:00','2024-01-18 13:00:00','Team IT','Guida tecnica server','guida','IT',1,'attivo','download',0,5,90,1,NULL,'pdf',NULL),(31,'Guida_Utilizzo_AppMobile.pdf','/guide/app_mobile.pdf',3,'2024-02-05 10:00:00','2024-02-05 10:00:00','Team UX','Guida app mobile','guida','IT',1,'attivo','download',0,4,55,0,NULL,'pdf',NULL),(32,'Articolo_AI_Tendenze2024.txt','/articoli/AI_Tendenze2024.txt',1,'2024-03-10 14:00:00','2024-03-10 14:00:00','Redazione Tech','Tendenze AI 2024','articolo','IT',1,'attivo','email',0,4,40,0,NULL,'txt',NULL),(33,'Articolo_CyberSecurity_2023.txt','/articoli/CyberSecurity_2023.txt',1,'2023-10-12 07:00:00','2023-10-12 07:00:00','Redazione Tech','Analisi cyber security','articolo','IT',1,'eliminato','email',0,3,22,0,NULL,'txt',NULL);
/*!40000 ALTER TABLE `documenti` ENABLE KEYS */;
UNLOCK TABLES;

--
-- Table structure for table `film`
--

DROP TABLE IF EXISTS `film`;
/*!40101 SET @saved_cs_client     = @@character_set_client */;
/*!40101 SET character_set_client = utf8 */;
CREATE TABLE `film` (
  `id` int(11) NOT NULL AUTO_INCREMENT,
  `titolo` varchar(100) NOT NULL,
  `genere` varchar(50) DEFAULT NULL,
  `voto` decimal(2,1) DEFAULT NULL CHECK (`voto` >= 0.0 and `voto` <= 5.0),
  `regista` varchar(100) DEFAULT NULL,
  `protagonisti` text DEFAULT NULL,
  `anno_uscita` int(11) DEFAULT NULL,
  `durata` varchar(10) DEFAULT NULL,
  `trama` text DEFAULT NULL,
  `trailer` varchar(255) DEFAULT NULL,
  PRIMARY KEY (`id`)
) ENGINE=InnoDB AUTO_INCREMENT=28 DEFAULT CHARSET=latin1;
/*!40101 SET character_set_client = @saved_cs_client */;

--
-- Dumping data for table `film`
--

LOCK TABLES `film` WRITE;
/*!40000 ALTER TABLE `film` DISABLE KEYS */;
INSERT INTO `film` VALUES (1,'Il Padrino','Drammatico',4.9,'Francis Ford Coppola','Michael Corleone (Al Pacino), Vito Corleone (Marlon Brando)',1972,'175','La storia della famiglia mafiosa Corleone e del suo erede Michael.','https://www.youtube.com/watch?v=UaVTIH8mujA'),(2,'Le Ali della Libertà','Drammatico',4.8,'Frank Darabont','Andy Dufresne (Tim Robbins), Ellis Boyd Redding (Morgan Freeman)',1994,'142','Un uomo ingiustamente condannato trova speranza e amicizia in prigione.','https://www.youtube.com/watch?v=6hB3S9bIaco'),(3,'Il Cavaliere Oscuro','Azione, Fantasy',4.6,'Christopher Nolan','Bruce Wayne (Christian Bale), Joker (Heath Ledger)',2008,'152','Batman affronta il Joker, un criminale psicopatico che semina il caos a Gotham.','https://www.youtube.com/watch?v=EXeTwQWrcwY'),(4,'Pulp Fiction','Drammatico, Thriller',4.5,'Quentin Tarantino','Vincent Vega (John Travolta), Jules Winnfield (Samuel L. Jackson)',1994,'154','Storie intrecciate di criminali, pugili e gangster a Los Angeles.','https://www.youtube.com/watch?v=s7EdQ4FqbhY'),(5,'Schindler\'s List','Drammatico, Guerra',4.7,'Steven Spielberg','Oskar Schindler (Liam Neeson), Itzhak Stern (Ben Kingsley)',1993,'195','Un industriale tedesco salva centinaia di ebrei durante l\'Olocausto.','https://www.youtube.com/watch?v=gG22XNhtnoY'),(6,'Il Signore degli Anelli: La Compagnia degli anelli','Fantasy, Avventura',4.4,'Peter Jackson','Frodo Baggins (Elijah Wood), Gandalf (Ian McKellen)',2001,'178','Un giovane hobbit intraprende un viaggio per distruggere un potente anello.','https://www.youtube.com/watch?v=V75dMMIW2B4'),(7,'Fight Club','Drammatico',4.3,'David Fincher','Narratore (Edward Norton), Tyler Durden (Brad Pitt)',1999,'139','Un uomo insoddisfatto fonda un club segreto di combattimento.','https://www.youtube.com/watch?v=SUXWAEX2jlg'),(8,'Inception','Fantascienza, Thriller',4.5,'Christopher Nolan','Dom Cobb (Leonardo DiCaprio), Arthur (Joseph Gordon-Levitt)',2010,'148','Un ladro entra nei sogni per impiantare idee nella mente delle persone.','https://www.youtube.com/watch?v=YoHD9XEInc0'),(9,'Forrest Gump','Drammatico, Commedia',4.6,'Robert Zemeckis','Forrest Gump (Tom Hanks), Jenny Curran (Robin Wright)',1994,'142','La vita straordinaria di un uomo semplice che attraversa la storia americana.','https://www.youtube.com/watch?v=bLvqoHBptjg'),(10,'Matrix','Fantascienza, Azione',4.5,'Lana e Lilly Wachowski','Neo (Keanu Reeves), Morpheus (Laurence Fishburne)',1999,'136','Un hacker scopre che la realtà è una simulazione controllata da macchine.','https://www.youtube.com/watch?v=vKQi3bBA1y8'),(11,'Il marchese del Grillo','Commedia storica',4.6,'Mario Monicelli','Onofrio del Grillo (Alberto Sordi), Papa Pio VII (Paolo Stoppa)',1981,'135','Nella Roma papalina del 1809, il marchese Onofrio del Grillo si diverte a fare scherzi e beffe, sfidando le convenzioni sociali.','https://www.youtube.com/watch?v=0pjed6G--18'),(12,'Benvenuti al Sud','Commedia',4.2,'Luca Miniero','Alberto Colombo (Claudio Bisio), Mattia Volpe (Alessandro Siani)',2010,'102','Un impiegato del Nord viene trasferito in Campania e scopre un mondo diverso da quello che immaginava.','https://www.youtube.com/watch?v=8kYkciD9VjU'),(13,'Avatar','Fantascienza, Avventura',4.5,'James Cameron','Jake Sully (Sam Worthington), Neytiri (Zoe Saldana)',2009,'162','Un ex marine si unisce agli alieni Na’vi su Pandora e si trova coinvolto in una lotta per la sopravvivenza.','https://www.youtube.com/watch?v=5PSNL1qE6VY'),(14,'Spider-Man','Azione, Supereroi',4.3,'Sam Raimi','Peter Parker (Tobey Maguire), Mary Jane Watson (Kirsten Dunst)',2002,'121','Un giovane acquisisce poteri da ragno e combatte il crimine mentre cerca di vivere una vita normale.','https://www.youtube.com/watch?v=t06RUxPbp_c'),(15,'Avengers: Infinity War','Azione, Fantascienza',4.6,'Anthony e Joe Russo','Iron Man (Robert Downey Jr.), Thanos (Josh Brolin)',2018,'149','I supereroi si uniscono per fermare Thanos, che vuole distruggere metà dell’universo.','https://www.youtube.com/watch?v=6ZfuNTqbHE8'),(16,'Titanic','Drammatico, Romantico',4.7,'James Cameron','Jack Dawson (Leonardo DiCaprio), Rose DeWitt Bukater (Kate Winslet)',1997,'195','Una storia d’amore tra due giovani di classi diverse sullo sfondo del naufragio del Titanic.','https://www.youtube.com/watch?v=kVrqfYjkTdQ'),(17,'Ti amo in tutte le lingue del mondo','Commedia romantica',3.8,'Leonardo Pieraccioni','Gilberto (Leonardo Pieraccioni), Margherita (Marjo Berasategui)',2005,'95','Un professore riceve lettere d’amore da una sua giovane studentessa, creando equivoci e situazioni comiche.','https://www.youtube.com/watch?v=ZzqVYxQWZzI'),(18,'Miseria e Nobiltà','Commedia',4.4,'Mario Mattoli','Felice Sciosciammocca (Totò), Luigino (Enzo Turco)',1954,'95','Un gruppo di poveri si finge nobile per aiutare un giovane innamorato a sposare una ragazza ricca.','https://www.youtube.com/watch?v=HqvZKXKzKZg'),(19,'Lo chiamavano Trinità','Western, Commedia',4.5,'Enzo Barboni','Trinità (Terence Hill), Bambino (Bud Spencer)',1970,'106','Due fratelli pistoleri difendono dei pacifici mormoni da un gruppo di banditi.','https://www.youtube.com/watch?v=5z8fU5xG5uA'),(20,'Non ci resta che piangere','Commedia, Fantastico',4.6,'Roberto Benigni e Massimo Troisi','Mario (Massimo Troisi), Saverio (Roberto Benigni)',1984,'113','Due amici si ritrovano misteriosamente nel 1492 e cercano di tornare nel presente.','https://www.youtube.com/watch?v=3gJ2X9b0Yqk'),(21,'Febbre da cavallo','Commedia',4.3,'Steno','Mandrake (Gigi Proietti), Pomata (Enrico Montesano)',1976,'96','Tre amici appassionati di corse di cavalli cercano di arricchirsi con scommesse improbabili.','https://www.youtube.com/watch?v=KZJvHkZJY7g'),(22,'La storia fantastica','Fantasy, Avventura',4.4,'Rob Reiner','Westley (Cary Elwes), Buttercup (Robin Wright)',1987,'98','Un giovane contadino affronta mille pericoli per salvare la sua amata principessa.','https://www.youtube.com/watch?v=VYgcrny2hRs'),(23,'Il ladrone','Commedia',3.9,'Pasquale Festa Campanile','Caleb (Enrico Montesano), Gesù (Claudio Cassinelli)',1980,'100','Un ladro si finge profeta ai tempi di Gesù, ma finisce per incrociare il vero Messia.','https://www.youtube.com/watch?v=3XKZKXKXKX'),(24,'Il sapore della vittoria','Drammatico, Sportivo',4.2,'Boaz Yakin','Coach Boone (Denzel Washington), Petey Jones (Donald Faison)',2000,'113','Un allenatore afroamericano guida una squadra di football in un periodo di tensioni razziali.','https://www.youtube.com/watch?v=35MvdHB5YyA'),(25,'Star Wars: La vendetta dei Sith','Fantascienza, Azione',4.3,'George Lucas','Anakin Skywalker (Hayden Christensen), Obi-Wan Kenobi (Ewan McGregor)',2005,'140','La caduta di Anakin Skywalker e la nascita di Darth Vader.','https://www.youtube.com/watch?v=5UnjrG_N8hU'),(26,'Star Trek Beyond','Fantascienza, Avventura',4.0,'Justin Lin','James T. Kirk (Chris Pine), Spock (Zachary Quinto)',2016,'122','L’equipaggio dell’Enterprise affronta una nuova minaccia in una zona inesplorata dello spazio.','https://www.youtube.com/watch?v=XRVD32rnzOw'),(27,'Una vita difficile','Drammatico, Commedia',4.1,'Dino Risi','Silvio Magnozzi (Alberto Sordi), Elena (Lea Massari)',1961,'118','Un ex partigiano cerca di mantenere i suoi ideali in un’Italia che cambia.','https://www.youtube.com/watch?v=2XKZKXKXKX');
/*!40000 ALTER TABLE `film` ENABLE KEYS */;
UNLOCK TABLES;

--
-- Table structure for table `image_file`
--

DROP TABLE IF EXISTS `image_file`;
/*!40101 SET @saved_cs_client     = @@character_set_client */;
/*!40101 SET character_set_client = utf8 */;
CREATE TABLE `image_file` (
  `id` bigint(20) NOT NULL AUTO_INCREMENT,
  `title` varchar(255) NOT NULL,
  `description` varchar(255) DEFAULT NULL,
  `filename` varchar(255) NOT NULL,
  `mime_type` varchar(255) DEFAULT NULL,
  `size_bytes` bigint(20) NOT NULL,
  `formato` enum('JPEG','RAW','TIFF','PNG') NOT NULL,
  `tipo_file` enum('Fotografia','Sfondo','Illustrazione') NOT NULL,
  `cancelled` tinyint(1) NOT NULL DEFAULT 0,
  `preferito` tinyint(1) NOT NULL DEFAULT 0,
  `rating` int(11) DEFAULT NULL,
  `visualizzazioni` bigint(20) NOT NULL DEFAULT 0,
  `data_archiviazione` timestamp NULL DEFAULT NULL,
  `last_view` datetime DEFAULT NULL,
  `backup` tinyint(1) NOT NULL DEFAULT 0,
  `note` varchar(255) DEFAULT NULL,
  `last_update` datetime DEFAULT NULL,
  `path_file` varchar(255) DEFAULT NULL COMMENT 'Percorso completo sul PC',
  PRIMARY KEY (`id`)
) ENGINE=InnoDB AUTO_INCREMENT=46 DEFAULT CHARSET=latin1;
/*!40101 SET character_set_client = @saved_cs_client */;

--
-- Dumping data for table `image_file`
--

LOCK TABLES `image_file` WRITE;
/*!40000 ALTER TABLE `image_file` DISABLE KEYS */;
INSERT INTO `image_file` VALUES (1,'Logo aziendale','Logo ufficiale','logo.png','image/png',24567,'PNG','Illustrazione',0,1,5,120,'2025-12-16 14:25:57',NULL,0,'Usato su web',NULL,NULL),(2,'Foto prodotto A','Shot in studio','productA.jpg','image/jpeg',152345,'JPEG','Fotografia',0,0,4,85,'2025-12-16 14:25:57',NULL,0,'Catalogo 2025',NULL,NULL),(3,'Banner natale','Promo natalizia','banner_natale.png','image/png',98345,'PNG','Sfondo',0,0,3,33,'2025-12-16 14:25:57',NULL,0,'Campagna Q4',NULL,NULL),(4,'Raw prototipo','Scatto raw','proto.cr2','image/raw',3256345,'RAW','Fotografia',0,0,5,12,'2025-12-16 14:25:57',NULL,0,'Per post-produzione',NULL,NULL),(5,'Poster evento','Locandina conferenza','poster_conf.tif','image/tiff',823456,'TIFF','Illustrazione',0,1,4,50,'2025-12-16 14:25:57',NULL,0,'Stampa HD',NULL,NULL),(6,'Tramonto sul mare','Scatto al tramonto sulla costa','tramonto_mare_001.jpg','image/jpeg',2456789,'JPEG','Fotografia',0,1,5,120,'2024-01-12 17:30:00','2024-02-01 21:10:00',1,'Ottima luce','2024-02-01 21:10:00','C:/Images/Fotografie/tramonto_mare_001.jpg'),(7,'Montagna innevata','Panorama invernale','montagna_innevata_002.raw','image/raw',12567890,'RAW','Fotografia',0,0,4,85,'2024-01-15 09:00:00','2024-02-03 09:20:00',1,NULL,'2024-02-03 09:20:00','C:/Images/Fotografie/montagna_innevata_002.raw'),(8,'Illustrazione futuristica','Concept art di città futuristica','city_future_01.png','image/png',345678,'PNG','Illustrazione',0,0,5,300,'2024-02-01 13:00:00','2024-02-10 11:00:00',0,NULL,'2024-02-10 11:00:00','C:/Images/Illustrazioni/city_future_01.png'),(9,'Sfondi astratti blu','Texture astratta blu','abstract_blue_01.tiff','image/tiff',567890,'TIFF','Sfondo',0,0,3,40,'2024-01-20 08:00:00','2024-02-05 16:00:00',0,NULL,'2024-02-05 16:00:00','C:/Images/Sfondi/abstract_blue_01.tiff'),(10,'Ritratto in studio','Ritratto professionale','ritratto_studio_01.jpg','image/jpeg',1678900,'JPEG','Fotografia',0,1,5,210,'2024-01-18 11:00:00','2024-02-02 10:00:00',1,'Cliente soddisfatto','2024-02-02 10:00:00','C:/Images/Fotografie/ritratto_studio_01.jpg'),(11,'Paesaggio collinare','Colline verdi in primavera','colline_primavera_01.jpg','image/jpeg',2345678,'JPEG','Fotografia',0,0,4,98,'2024-01-22 14:00:00','2024-02-06 17:00:00',1,NULL,'2024-02-06 17:00:00','C:/Images/Fotografie/colline_primavera_01.jpg'),(12,'Illustrazione fantasy','Dragone su montagna','dragon_mountain_01.png','image/png',456789,'PNG','Illustrazione',0,1,5,450,'2024-02-03 10:00:00','2024-02-11 13:00:00',0,'Molto dettagliata','2024-02-11 13:00:00','C:/Images/Illustrazioni/dragon_mountain_01.png'),(13,'Sfondo minimalista','Sfondo chiaro minimal','minimal_light_01.jpg','image/jpeg',345678,'JPEG','Sfondo',0,0,3,22,'2024-01-10 07:00:00','2024-02-01 09:00:00',0,NULL,'2024-02-01 09:00:00','C:/Images/Sfondi/minimal_light_01.jpg'),(14,'Foto macro insetto','Macro di una coccinella','macro_coccinella_01.raw','image/raw',9876543,'RAW','Fotografia',0,0,4,130,'2024-01-25 12:00:00','2024-02-07 14:00:00',1,NULL,'2024-02-07 14:00:00','C:/Images/Fotografie/macro_coccinella_01.raw'),(15,'Illustrazione cartoon','Personaggio cartoon originale','cartoon_char_01.png','image/png',234567,'PNG','Illustrazione',0,0,4,70,'2024-02-02 09:00:00','2024-02-09 12:00:00',0,NULL,'2024-02-09 12:00:00','C:/Images/Illustrazioni/cartoon_char_01.png'),(16,'Aurora boreale','Aurora in Islanda','aurora_01.jpg','image/jpeg',2789000,'JPEG','Fotografia',0,1,5,500,'2024-01-05 21:00:00','2024-02-12 20:00:00',1,'Scatto preferito','2024-02-12 20:00:00','C:/Images/Fotografie/aurora_01.jpg'),(17,'Sfondi geometrici','Pattern geometrico scuro','geometric_dark_01.tiff','image/tiff',678900,'TIFF','Sfondo',0,0,3,33,'2024-01-14 08:00:00','2024-02-04 11:00:00',0,NULL,'2024-02-04 11:00:00','C:/Images/Sfondi/geometric_dark_01.tiff'),(18,'Illustrazione spaziale','Astronauta nello spazio','astronaut_space_01.png','image/png',567890,'PNG','Illustrazione',0,1,5,380,'2024-02-04 13:00:00','2024-02-10 15:00:00',0,NULL,'2024-02-10 15:00:00','C:/Images/Illustrazioni/astronaut_space_01.png'),(19,'Ritratto naturale','Ritratto in luce naturale','ritratto_naturale_01.jpg','image/jpeg',1987654,'JPEG','Fotografia',0,0,4,140,'2024-01-19 10:00:00','2024-02-03 10:00:00',1,NULL,'2024-02-03 10:00:00','C:/Images/Fotografie/ritratto_naturale_01.jpg'),(20,'Paesaggio urbano','Skyline notturno','skyline_notte_01.jpg','image/jpeg',2567890,'JPEG','Fotografia',0,1,5,600,'2024-01-08 19:00:00','2024-02-12 22:00:00',1,NULL,'2024-02-12 22:00:00','C:/Images/Fotografie/skyline_notte_01.jpg'),(21,'Illustrazione steampunk','Macchina volante steampunk','steampunk_airship_01.png','image/png',467890,'PNG','Illustrazione',0,0,4,210,'2024-02-05 12:00:00','2024-02-11 14:00:00',0,NULL,'2024-02-11 14:00:00','C:/Images/Illustrazioni/steampunk_airship_01.png'),(22,'Sfondo rosso','Sfondo astratto rosso','abstract_red_01.jpg','image/jpeg',345678,'JPEG','Sfondo',0,0,3,18,'2024-01-11 07:00:00','2024-02-01 09:00:00',0,NULL,'2024-02-01 09:00:00','C:/Images/Sfondi/abstract_red_01.jpg'),(23,'Foto notturna città','Strada illuminata di notte','city_night_01.raw','image/raw',11234567,'RAW','Fotografia',0,0,4,190,'2024-01-26 22:00:00','2024-02-07 23:00:00',1,NULL,'2024-02-07 23:00:00','C:/Images/Fotografie/city_night_01.raw'),(24,'Illustrazione robot','Robot futuristico','robot_future_01.png','image/png',345678,'PNG','Illustrazione',0,1,5,420,'2024-02-06 09:00:00','2024-02-11 11:00:00',0,NULL,'2024-02-11 11:00:00','C:/Images/Illustrazioni/robot_future_01.png'),(25,'Sfondi verdi','Texture verde naturale','green_texture_01.tiff','image/tiff',567890,'TIFF','Sfondo',0,0,3,25,'2024-01-13 08:00:00','2024-02-04 10:00:00',0,NULL,'2024-02-04 10:00:00','C:/Images/Sfondi/green_texture_01.tiff'),(26,'Cascata nella foresta','Cascata immersa nel verde','cascata_forest_01.jpg','image/jpeg',2890000,'JPEG','Fotografia',0,0,4,160,'2024-01-17 10:00:00','2024-02-06 12:00:00',1,NULL,'2024-02-06 12:00:00','C:/Images/Fotografie/cascata_forest_01.jpg'),(27,'Illustrazione medievale','Castello medievale in stile fantasy','castle_fantasy_01.png','image/png',478900,'PNG','Illustrazione',0,1,5,390,'2024-02-05 14:00:00','2024-02-11 16:00:00',0,NULL,'2024-02-11 16:00:00','C:/Images/Illustrazioni/castle_fantasy_01.png'),(28,'Sfondo metallico','Texture metallica spazzolata','metal_texture_01.tiff','image/tiff',589000,'TIFF','Sfondo',0,0,3,28,'2024-01-12 08:00:00','2024-02-03 10:00:00',0,NULL,'2024-02-03 10:00:00','C:/Images/Sfondi/metal_texture_01.tiff'),(29,'Ritratto in bianco e nero','Ritratto artistico monocromatico','ritratto_bn_01.jpg','image/jpeg',1789000,'JPEG','Fotografia',0,1,5,250,'2024-01-21 13:00:00','2024-02-08 18:00:00',1,NULL,'2024-02-08 18:00:00','C:/Images/Fotografie/ritratto_bn_01.jpg'),(30,'Illustrazione cyberpunk','Strada neon futuristica','cyberpunk_street_01.png','image/png',512000,'PNG','Illustrazione',0,0,4,310,'2024-02-03 11:00:00','2024-02-10 13:00:00',0,NULL,'2024-02-10 13:00:00','C:/Images/Illustrazioni/cyberpunk_street_01.png'),(31,'Foto di un gatto','Gatto su un davanzale','cat_window_01.raw','image/raw',10456789,'RAW','Fotografia',0,0,4,180,'2024-01-27 09:00:00','2024-02-07 11:00:00',1,NULL,'2024-02-07 11:00:00','C:/Images/Fotografie/cat_window_01.raw'),(32,'Sfondo blu notte','Sfondo scuro con sfumature blu','blue_night_01.jpg','image/jpeg',345000,'JPEG','Sfondo',0,0,3,20,'2024-01-09 07:00:00','2024-02-01 09:00:00',0,NULL,'2024-02-01 09:00:00','C:/Images/Sfondi/blue_night_01.jpg'),(33,'Illustrazione manga','Personaggio manga originale','manga_char_01.png','image/png',267890,'PNG','Illustrazione',0,1,5,410,'2024-02-04 09:00:00','2024-02-11 12:00:00',0,NULL,'2024-02-11 12:00:00','C:/Images/Illustrazioni/manga_char_01.png'),(34,'Paesaggio desertico','Dune al tramonto','desert_dunes_01.jpg','image/jpeg',2345000,'JPEG','Fotografia',0,0,4,150,'2024-01-16 16:00:00','2024-02-05 18:00:00',1,NULL,'2024-02-05 18:00:00','C:/Images/Fotografie/desert_dunes_01.jpg'),(35,'Illustrazione vettoriale','Icona vettoriale moderna','vector_icon_01.png','image/png',145678,'PNG','Illustrazione',0,0,3,55,'2024-02-02 08:00:00','2024-02-09 10:00:00',0,NULL,'2024-02-09 10:00:00','C:/Images/Illustrazioni/vector_icon_01.png'),(36,'Foto di un cane','Cane in un prato','dog_field_01.raw','image/raw',9876000,'RAW','Fotografia',0,0,4,175,'2024-01-28 10:00:00','2024-02-07 12:00:00',1,NULL,'2024-02-07 12:00:00','C:/Images/Fotografie/dog_field_01.raw'),(37,'Sfondo viola','Sfondo astratto viola','purple_abstract_01.jpg','image/jpeg',367890,'JPEG','Sfondo',0,0,3,30,'2024-01-11 07:00:00','2024-02-01 09:00:00',0,NULL,'2024-02-01 09:00:00','C:/Images/Sfondi/purple_abstract_01.jpg'),(38,'Illustrazione horror','Creatura oscura','dark_creature_01.png','image/png',478900,'PNG','Illustrazione',0,1,5,500,'2024-02-06 13:00:00','2024-02-11 15:00:00',0,NULL,'2024-02-11 15:00:00','C:/Images/Illustrazioni/dark_creature_01.png'),(39,'Paesaggio autunnale','Bosco in autunno','autumn_forest_01.jpg','image/jpeg',2567000,'JPEG','Fotografia',0,0,4,140,'2024-01-18 15:00:00','2024-02-06 17:00:00',1,NULL,'2024-02-06 17:00:00','C:/Images/Fotografie/autumn_forest_01.jpg'),(40,'Illustrazione spaziale 2','Pianeta alieno','alien_planet_01.png','image/png',389000,'PNG','Illustrazione',0,0,4,260,'2024-02-03 12:00:00','2024-02-10 14:00:00',0,NULL,'2024-02-10 14:00:00','C:/Images/Illustrazioni/alien_planet_01.png'),(41,'Sfondo dorato','Texture oro brillante','gold_texture_01.tiff','image/tiff',678900,'TIFF','Sfondo',0,0,3,22,'2024-01-14 08:00:00','2024-02-04 11:00:00',0,NULL,'2024-02-04 11:00:00','C:/Images/Sfondi/gold_texture_01.tiff'),(42,'Foto di un lago','Lago alpino al mattino','lake_morning_01.jpg','image/jpeg',2456000,'JPEG','Fotografia',0,1,5,300,'2024-01-20 06:00:00','2024-02-06 08:00:00',1,NULL,'2024-02-06 08:00:00','C:/Images/Fotografie/lake_morning_01.jpg'),(43,'Illustrazione minimal','Linee geometriche semplici','minimal_lines_01.png','image/png',123450,'PNG','Illustrazione',0,0,3,40,'2024-02-01 08:00:00','2024-02-08 10:00:00',0,NULL,'2024-02-08 10:00:00','C:/Images/Illustrazioni/minimal_lines_01.png'),(44,'Foto di un ponte','Ponte sospeso al tramonto','bridge_sunset_01.raw','image/raw',11567890,'RAW','Fotografia',0,0,4,210,'2024-01-29 17:00:00','2024-02-07 19:00:00',1,NULL,'2024-02-07 19:00:00','C:/Images/Fotografie/bridge_sunset_01.raw'),(45,'Sfondo acqua','Texture acqua in movimento','water_texture_01.jpg','image/jpeg',345600,'JPEG','Sfondo',0,0,3,26,'2024-01-10 07:00:00','2024-02-01 09:00:00',0,NULL,'2024-02-01 09:00:00','C:/Images/Sfondi/water_texture_01.jpg');
/*!40000 ALTER TABLE `image_file` ENABLE KEYS */;
UNLOCK TABLES;

--
-- Table structure for table `oggetto_tag`
--

DROP TABLE IF EXISTS `oggetto_tag`;
/*!40101 SET @saved_cs_client     = @@character_set_client */;
/*!40101 SET character_set_client = utf8 */;
CREATE TABLE `oggetto_tag` (
  `id_tag` bigint(20) NOT NULL,
  `id_oggetto` bigint(20) NOT NULL,
  PRIMARY KEY (`id_tag`,`id_oggetto`),
  KEY `FK7u4eob9xgqf9f2mqdsym9x6we` (`id_oggetto`),
  CONSTRAINT `oggetto_tag_ibfk_1` FOREIGN KEY (`id_tag`) REFERENCES `tag` (`id_tag`) ON DELETE CASCADE
) ENGINE=InnoDB DEFAULT CHARSET=utf8mb4 COLLATE=utf8mb4_unicode_ci;
/*!40101 SET character_set_client = @saved_cs_client */;

--
-- Dumping data for table `oggetto_tag`
--

LOCK TABLES `oggetto_tag` WRITE;
/*!40000 ALTER TABLE `oggetto_tag` DISABLE KEYS */;
INSERT INTO `oggetto_tag` VALUES (23,3),(23,9),(24,3),(25,3),(26,3),(27,9),(28,9),(29,9),(30,1),(31,1),(32,5),(32,51),(33,5),(34,45);
/*!40000 ALTER TABLE `oggetto_tag` ENABLE KEYS */;
UNLOCK TABLES;

--
-- Table structure for table `tag`
--

DROP TABLE IF EXISTS `tag`;
/*!40101 SET @saved_cs_client     = @@character_set_client */;
/*!40101 SET character_set_client = utf8 */;
CREATE TABLE `tag` (
  `id_tag` bigint(20) NOT NULL AUTO_INCREMENT,
  `nome_tag` varchar(255) COLLATE utf8mb4_unicode_ci NOT NULL,
  `tipo_oggetto` varchar(255) COLLATE utf8mb4_unicode_ci NOT NULL,
  `id_oggetto` bigint(20) DEFAULT NULL,
  PRIMARY KEY (`id_tag`),
  UNIQUE KEY `nome_tag` (`nome_tag`),
  KEY `idx_tag_tipo_oggetto` (`tipo_oggetto`),
  KEY `FKsdc5uol21le8b3s14fhnr2i2n` (`id_oggetto`),
  CONSTRAINT `FKsdc5uol21le8b3s14fhnr2i2n` FOREIGN KEY (`id_oggetto`) REFERENCES `audio_file` (`id`)
) ENGINE=InnoDB AUTO_INCREMENT=35 DEFAULT CHARSET=utf8mb4 COLLATE=utf8mb4_unicode_ci;
/*!40101 SET character_set_client = @saved_cs_client */;

--
-- Dumping data for table `tag`
--

LOCK TABLES `tag` WRITE;
/*!40000 ALTER TABLE `tag` DISABLE KEYS */;
INSERT INTO `tag` VALUES (23,'comico','Persona',NULL),(24,'attore','Persona',NULL),(25,'ministro','Persona',NULL),(26,'presentatore','Persona',NULL),(27,'cantante','Persona',NULL),(28,'pippo','Persona',NULL),(29,'andromeda','Persona',NULL),(30,'pubblicità','Audio',NULL),(31,'natale','Audio',NULL),(32,'estate','Audio',NULL),(33,'cinema','Audio',NULL),(34,'archimede','Audio',NULL);
/*!40000 ALTER TABLE `tag` ENABLE KEYS */;
UNLOCK TABLES;

--
-- Table structure for table `video`
--

DROP TABLE IF EXISTS `video`;
/*!40101 SET @saved_cs_client     = @@character_set_client */;
/*!40101 SET character_set_client = utf8 */;
CREATE TABLE `video` (
  `id` int(11) NOT NULL AUTO_INCREMENT,
  `titolo` varchar(255) NOT NULL,
  `categoria` varchar(255) DEFAULT NULL,
  `percorso_file` varchar(255) DEFAULT NULL,
  `preferito` tinyint(1) DEFAULT 0,
  `rating` double DEFAULT NULL,
  `visualizzazioni` int(11) DEFAULT 0,
  `durata_min` int(11) DEFAULT NULL,
  `data_archiviazione` date DEFAULT curdate(),
  `ultima_visualizzazione` datetime DEFAULT NULL,
  `backup` tinyint(1) DEFAULT 0,
  `note` varchar(255) DEFAULT NULL,
  `cancelled` tinyint(1) DEFAULT 0,
  PRIMARY KEY (`id`)
) ENGINE=InnoDB AUTO_INCREMENT=1018 DEFAULT CHARSET=latin1;
/*!40101 SET character_set_client = @saved_cs_client */;

--
-- Dumping data for table `video`
--

LOCK TABLES `video` WRITE;
/*!40000 ALTER TABLE `video` DISABLE KEYS */;
INSERT INTO `video` VALUES (2,'Mask of the Jedi','Spezzoni Film','\\Documenti\\Video\\Spezzoni di film\\Mask of the Jedi.mp4',0,8,46,41,'2025-09-10','2025-09-29 09:44:19',0,'Clip d’azione ispirata a Star Wars',0),(3,'Tutorial Fingerstyle','Chitarra','\\Chitarra\\Lezioni di chitarra\\Videofingerstyle.mp4',0,5,300,48,'2025-09-10',NULL,1,'Tecnica avanzata per fingerstyle',0),(4,'Lezione Arpeggi','Chitarra','\\Chitarra\\Lezioni di chitarra\\Videoarpeggi.mp4',0,3,150,60,'2025-09-10',NULL,0,'Lezione base sugli arpeggi',1),(5,'Video 1','Spezzoni Film','/media/video_1.mp4',1,2.5,29,16,'2025-02-24','2025-06-17 11:22:29',1,'Note per video 1',0),(7,'Video di test 3','Documentario','/media/video_3.mp4',1,3,2949,4,'2025-06-21','2025-06-24 11:22:29',0,'Note per video 3',0),(8,'Video di test 4','Musica','/media/video_4.mp4',0,7.3,9863,134,'2024-12-06','2025-06-19 11:22:29',0,'Note per video 4',0),(10,'Video di test 6','Sport','/media/video_6.mp4',0,3.9,6721,35,'2024-09-29','2025-08-22 11:22:29',0,'Note per video 6',0),(11,'Video di test 7','Sport','/media/video_7.mp4',1,7,3615,125,'2025-04-24',NULL,0,'Note per video 7',0),(12,'lezione di melodia','Sport','/media/video_8.mp4',1,6.3,956,106,'2025-01-13','2025-06-13 11:22:29',0,'Note per video 8',0),(13,'Video di test 9','Documentario','/media/video_9.mp4',0,1.2,8389,148,'2025-02-10','2025-07-02 11:22:29',0,'Note per video 9',1),(14,'Video di test 10','Musica','/media/video_10.mp4',0,3.6,7607,128,'2025-05-30','2025-06-25 11:22:29',1,'Note per video 10',0),(16,'Video di test 12','Musica','/media/video_12.mp4',0,9.5,4916,111,'2025-01-29','2025-07-23 11:22:29',0,'Note per video 12',0),(19,'Video di test 15','Sport','/media/video_15.mp4',1,6.3,5965,14,'2025-02-04',NULL,0,'Note per video 15',0),(21,'Video di test 17','Tutorial','/media/video_17.mp4',0,5.8,4806,119,'2024-10-26','2025-07-23 11:22:29',0,'Note per video 17',0),(22,'Video di test 18','Tutorial','/media/video_18.mp4',0,7,6242,4,'2025-06-18','2025-09-13 11:22:29',0,'Note per video 18',0),(23,'Video di test 19','Sport','/media/video_19.mp4',0,0.6,3790,128,'2025-04-13',NULL,0,'Note per video 19',0),(24,'Video di test 20','Sport','/media/video_20.mp4',0,8.2,1148,21,'2025-06-17',NULL,0,'Note per video 20',0),(26,'Video di test 22','Sport','/media/video_22.mp4',0,2.4,3962,47,'2025-07-28',NULL,0,'Note per video 22',0),(27,'Video di test 23','Documentario','/media/video_23.mp4',0,6,4333,67,'2025-02-16',NULL,0,'Note per video 23',0),(28,'Video di test 24','Tutorial','/media/video_24.mp4',1,9.2,484,87,'2025-06-08',NULL,0,'Note per video 24',0),(29,'Video di test 25','Sport','/media/video_25.mp4',1,1.1,4119,128,'2025-05-15','2025-07-06 11:22:29',0,'Note per video 25',0),(33,'Video di test 29','Tutorial','/media/video_29.mp4',0,1.9,4637,135,'2025-04-29','2025-09-07 11:22:29',0,'Note per video 29',0),(34,'Video di test 30','Musica','/media/video_30.mp4',0,5.7,8337,84,'2024-11-06',NULL,0,'Note per video 30',0),(35,'Video di test 31','Tutorial','/media/video_31.mp4',0,1.8,225,103,'2024-11-30','2025-06-18 11:22:29',0,'Note per video 31',0),(36,'Video di test 32','Tutorial','/media/video_32.mp4',0,4,6986,50,'2025-05-26','2025-07-21 11:22:29',0,'Note per video 32',0),(37,'Video di test 33','Documentario','/media/video_33.mp4',1,6,7630,5,'2024-11-08','2025-08-11 11:22:29',0,'Note per video 33',0),(38,'Video di test 34','Musica','/media/video_34.mp4',0,6.5,401,45,'2025-07-29',NULL,0,'Note per video 34',0),(39,'Video di test 35','Musica','/media/video_35.mp4',0,9.5,1662,174,'2025-05-08',NULL,0,'Note per video 35',0),(40,'Video di test 36','Sport','/media/video_36.mp4',0,9.9,4264,28,'2025-03-14','2025-06-25 11:22:29',0,'Note per video 36',0),(41,'Video di test 37','Sport','/media/video_37.mp4',1,0.3,9176,87,'2025-01-11',NULL,0,'Note per video 37',0),(42,'Video di test 38','Musica','/media/video_38.mp4',0,1.3,2675,168,'2024-11-02','2025-09-01 11:22:29',1,'Note per video 38',0),(43,'Video di test 39','Musica','/media/video_39.mp4',0,4.8,4116,113,'2024-10-12',NULL,0,'Note per video 39',0),(44,'Video di test 40','Musica','/media/video_40.mp4',0,5.4,7952,66,'2025-03-28','2025-07-01 11:22:29',0,'Note per video 40',0),(45,'Video di test 41','Tutorial','/media/video_41.mp4',1,3,3902,8,'2025-08-18','2025-06-09 11:22:29',0,'Note per video 41',0),(46,'Video di test 42','Sport','/media/video_42.mp4',1,0.6,9142,70,'2025-06-26',NULL,0,'Note per video 42',0),(47,'Video di test 43','Tutorial','/media/video_43.mp4',0,1.9,50,82,'2025-06-03','2025-08-09 11:22:29',0,'Note per video 43',0),(48,'Video di test 44','Tutorial','/media/video_44.mp4',0,6.1,7260,144,'2024-11-11',NULL,0,'Note per video 44',0),(49,'Video di test 45','Musica','/media/video_45.mp4',0,7.2,4700,33,'2025-03-13','2025-07-29 11:22:29',0,'Note per video 45',0),(52,'Video di test 48','Musica','/media/video_48.mp4',0,1.7,8612,143,'2025-04-26','2025-07-08 11:22:29',0,'Note per video 48',0),(54,'Video di test 50','Sport','/media/video_50.mp4',0,8.7,9474,23,'2024-11-23','2025-06-15 11:22:29',0,'Note per video 50',0),(55,'Video di test 51','Documentario','/media/video_51.mp4',0,5.1,8025,85,'2024-09-24','2025-08-14 11:22:29',0,'Note per video 51',0),(56,'Video di test 52','Musica','/media/video_52.mp4',0,9,3692,23,'2025-02-27','2025-09-03 11:22:29',0,'Note per video 52',0),(57,'Video di test 53','Musica','/media/video_53.mp4',0,2.2,7826,45,'2024-10-18',NULL,0,'Note per video 53',0),(58,'Video di test 54','Tutorial','/media/video_54.mp4',0,4.9,5538,54,'2024-11-13','2025-06-13 11:22:29',0,'Note per video 54',0),(61,'Video di test 57','Documentario','/media/video_57.mp4',0,3.7,7226,87,'2025-06-08',NULL,0,'Note per video 57',0),(62,'Video di test 58','Documentario','/media/video_58.mp4',0,8.7,8888,148,'2025-03-28',NULL,0,'Note per video 58',1),(63,'Video di test 59','Musica','/media/video_59.mp4',0,2.1,8112,75,'2025-01-16','2025-08-12 11:22:29',0,'Note per video 59',0),(64,'Video di test 60','Sport','/media/video_60.mp4',0,2.5,5272,159,'2024-11-12','2025-08-22 11:22:29',0,'Note per video 60',1),(65,'Video di test 61','Documentario','/media/video_61.mp4',0,3.8,7977,151,'2024-11-22','2025-08-18 11:22:29',0,'Note per video 61',1),(66,'Video di test 62','Tutorial','/media/video_62.mp4',0,2.7,5605,176,'2025-06-25','2025-08-20 11:22:29',0,'Note per video 62',0),(67,'Video di test 63','Documentario','/media/video_63.mp4',0,5.5,2578,113,'2025-05-01',NULL,0,'Note per video 63',0),(68,'Video di test 64','Documentario','/media/video_64.mp4',1,9.2,2698,104,'2025-08-14',NULL,0,'Note per video 64',0),(70,'Video di test 66','Tutorial','/media/video_66.mp4',0,2.8,7233,137,'2025-01-20',NULL,0,'Note per video 66',0),(71,'Video di test 67','Documentario','/media/video_67.mp4',1,4.7,9592,67,'2024-09-17',NULL,0,'Note per video 67',0),(72,'Video di test 68','Documentario','/media/video_68.mp4',0,8.6,6907,157,'2025-06-01',NULL,0,'Note per video 68',1),(73,'Video di test 69','Sport','/media/video_69.mp4',0,2.2,8712,127,'2024-10-12','2025-07-01 11:22:29',0,'Note per video 69',0),(74,'Video di test 70','Documentario','/media/video_70.mp4',0,8.8,642,120,'2025-07-26',NULL,1,'Note per video 70',0),(75,'Video di test 71','Documentario','/media/video_71.mp4',0,8.3,467,132,'2025-02-27','2025-09-12 11:22:29',0,'Note per video 71',0),(76,'Video di test 72','Documentario','/media/video_72.mp4',0,7.1,6073,164,'2024-12-21',NULL,0,'Note per video 72',0),(77,'Video di test 73','Musica','/media/video_73.mp4',1,6.2,8051,32,'2025-03-24',NULL,0,'Note per video 73',0),(79,'Video di test 75','Tutorial','/media/video_75.mp4',0,9,4214,73,'2024-12-07','2025-06-16 11:22:29',0,'Note per video 75',0),(80,'Video di test 76','Tutorial','/media/video_76.mp4',1,7.2,5358,92,'2024-10-02','2025-08-15 11:22:29',0,'Note per video 76',0),(81,'Video di test 77','Sport','/media/video_77.mp4',1,7.6,3262,60,'2025-01-01','2025-07-29 11:22:29',0,'Note per video 77',0),(82,'Video di test 78','Documentario','/media/video_78.mp4',0,0.8,3220,67,'2024-10-16','2025-07-28 11:22:29',0,'Note per video 78',0),(83,'Video di test 79','Sport','/media/video_79.mp4',0,7.2,3096,69,'2025-09-14',NULL,0,'Note per video 79',0),(85,'Video di test 81','Musica','/media/video_81.mp4',1,2.4,9994,48,'2025-05-10',NULL,0,'Note per video 81',0),(87,'Video di test 83','Documentario','/media/video_83.mp4',1,5.5,6960,147,'2025-09-12','2025-06-13 11:22:29',0,'Note per video 83',0),(88,'Video di test 84','Sport','/media/video_84.mp4',0,1.5,1400,44,'2024-11-26','2025-09-12 11:22:29',0,'Note per video 84',0),(89,'Video di test 85','Sport','/media/video_85.mp4',1,0.3,573,36,'2024-11-13','2025-08-03 11:22:29',0,'Note per video 85',0),(91,'Video di test 87','Musica','/media/video_87.mp4',0,7.3,4047,152,'2025-09-12','2025-07-21 11:22:29',0,'Note per video 87',0),(92,'Video di test 88','Tutorial','/media/video_88.mp4',0,5.9,9963,40,'2025-07-28','2025-07-17 11:22:29',1,'Note per video 88',0),(94,'Video di test 90','Tutorial','/media/video_90.mp4',1,3.9,4505,15,'2025-08-19','2025-08-09 11:22:29',0,'Note per video 90',0),(95,'Video di test 91','Documentario','/media/video_91.mp4',0,1.4,7188,28,'2025-01-23',NULL,0,'Note per video 91',0),(96,'Video di test 92','Musica','/media/video_92.mp4',0,3.9,7838,136,'2025-04-09',NULL,0,'Note per video 92',0),(97,'Video di test 93','Sport','/media/video_93.mp4',1,0.1,7311,111,'2024-10-25','2025-08-11 11:22:29',0,'Note per video 93',0),(98,'Video di test 94','Tutorial','/media/video_94.mp4',0,5.4,9421,16,'2025-01-29',NULL,0,'Note per video 94',0),(99,'Video di test 95','Musica','/media/video_95.mp4',0,0.9,5048,44,'2024-12-23',NULL,0,'Note per video 95',0),(100,'Video di test 96','Musica','/media/video_96.mp4',0,9.6,5912,12,'2025-02-23','2025-08-14 11:22:29',0,'Note per video 96',0),(101,'Video di test 97','Documentario','/media/video_97.mp4',0,3.7,6051,162,'2025-01-05',NULL,0,'Note per video 97',0),(102,'Video di test 98','Tutorial','/media/video_98.mp4',1,7.1,3708,130,'2025-03-14','2025-08-13 11:22:29',0,'Note per video 98',0),(103,'Video di test 99','Sport','/media/video_99.mp4',0,8.5,2568,133,'2024-10-09','2025-07-31 11:22:29',0,'Note per video 99',0),(104,'Video di test 100','Documentario','/media/video_100.mp4',0,5.9,5944,37,'2025-06-13','2025-07-23 11:22:29',0,'Note per video 100',0),(105,'Video di test 101','Musica','/media/video_101.mp4',0,2.1,686,126,'2025-05-25','2025-08-18 11:22:29',1,'Note per video 101',0),(106,'Video di test 102','Documentario','/media/video_102.mp4',0,6.2,6472,67,'2024-10-10','2025-06-20 11:22:29',0,'Note per video 102',0),(107,'Video di test 103','Sport','/media/video_103.mp4',0,1.4,9114,24,'2024-10-06','2025-07-05 11:22:29',0,'Note per video 103',0),(108,'Video di test 104','Documentario','/media/video_104.mp4',0,6.6,3407,132,'2025-01-18','2025-07-31 11:22:29',1,'Note per video 104',0),(109,'Video di test 105','Musica','/media/video_105.mp4',0,5.1,8917,164,'2024-10-22',NULL,1,'Note per video 105',0),(110,'Video di test 106','Musica','/media/video_106.mp4',0,9.4,8873,112,'2025-03-26','2025-09-10 11:22:29',0,'Note per video 106',0),(111,'Video di test 107','Musica','/media/video_107.mp4',1,3.7,8078,168,'2025-06-13','2025-07-14 11:22:29',0,'Note per video 107',0),(112,'Video di test 108','Documentario','/media/video_108.mp4',0,8.8,8748,132,'2025-08-22','2025-08-04 11:22:29',0,'Note per video 108',0),(114,'Video di test 110','Musica','/media/video_110.mp4',1,5.9,7693,15,'2025-07-29','2025-07-16 11:22:29',0,'Note per video 110',0),(115,'Video di test 111','Tutorial','/media/video_111.mp4',0,5.2,1247,13,'2025-09-15',NULL,0,'Note per video 111',0),(116,'Video di test 112','Tutorial','/media/video_112.mp4',1,7.6,5361,74,'2025-03-30','2025-09-15 11:22:29',0,'Note per video 112',0),(117,'Video di test 113','Sport','/media/video_113.mp4',1,1.2,2108,127,'2024-10-23','2025-08-30 11:22:29',0,'Note per video 113',1),(118,'Video di test 114','Sport','/media/video_114.mp4',0,5.1,4522,133,'2025-05-12','2025-07-24 11:22:29',0,'Note per video 114',0),(119,'Video di test 115','Documentario','/media/video_115.mp4',0,9,7979,54,'2025-08-05','2025-06-11 11:22:29',0,'Note per video 115',0),(121,'Video di test 117','Tutorial','/media/video_117.mp4',0,0.6,4402,3,'2024-12-07',NULL,0,'Note per video 117',0),(122,'Video di test 118','Sport','/media/video_118.mp4',0,9.4,1063,125,'2025-07-13',NULL,0,'Note per video 118',0),(124,'Video di test 120','Musica','/media/video_120.mp4',0,8.6,5037,168,'2025-07-16','2025-07-12 11:22:29',0,'Note per video 120',0),(125,'Video di test 121','Musica','/media/video_121.mp4',0,6.5,744,73,'2024-11-18',NULL,1,'Note per video 121',0),(126,'Video di test 122','Sport','/media/video_122.mp4',0,8.9,1133,160,'2025-08-03',NULL,0,'Note per video 122',0),(127,'Video di test 123','Tutorial','/media/video_123.mp4',0,9.1,1746,24,'2025-07-23','2025-08-21 11:22:29',0,'Note per video 123',0),(128,'Video di test 124','Musica','/media/video_124.mp4',0,3.5,6291,17,'2025-02-06',NULL,0,'Note per video 124',0),(129,'Video di test 125','Tutorial','/media/video_125.mp4',0,2.3,2872,136,'2024-10-16','2025-06-23 11:22:29',0,'Note per video 125',0),(130,'Video di test 126','Sport','/media/video_126.mp4',0,8.7,9157,174,'2025-08-07','2025-06-26 11:22:29',0,'Note per video 126',0),(131,'Video di test 127','Musica','/media/video_127.mp4',0,0.7,3356,84,'2025-05-13','2025-07-25 11:22:29',0,'Note per video 127',0),(132,'Video di test 128','Musica','/media/video_128.mp4',0,5.9,9299,160,'2025-01-19','2025-09-05 11:22:29',0,'Note per video 128',1),(133,'Video di test 129','Sport','/media/video_129.mp4',0,0.1,3449,125,'2025-03-30','2025-07-05 11:22:29',0,'Note per video 129',0),(134,'Video di test 130','Documentario','/media/video_130.mp4',0,9.9,1113,107,'2025-01-19','2025-07-30 11:22:29',0,'Note per video 130',0),(135,'Video di test 131','Tutorial','/media/video_131.mp4',1,1.3,1319,48,'2024-10-05',NULL,0,'Note per video 131',0),(136,'Video di test 132','Musica','/media/video_132.mp4',1,6,6901,119,'2025-06-18','2025-07-31 11:22:29',0,'Note per video 132',0),(137,'Video di test 133','Musica','/media/video_133.mp4',1,9.1,4863,128,'2025-08-05','2025-06-30 11:22:29',0,'Note per video 133',0),(138,'Video di test 134','Documentario','/media/video_134.mp4',0,3.2,5905,178,'2025-07-10',NULL,0,'Note per video 134',0),(139,'Video di test 135','Sport','/media/video_135.mp4',0,0.7,8460,1,'2025-03-15','2025-09-15 11:22:29',0,'Note per video 135',0),(140,'Video di test 136','Documentario','/media/video_136.mp4',0,9.6,876,101,'2025-02-23','2025-06-20 11:22:29',1,'Note per video 136',0),(141,'Video di test 137','Tutorial','/media/video_137.mp4',0,6.5,9592,149,'2025-06-04',NULL,0,'Note per video 137',0),(143,'Video di test 139','Tutorial','/media/video_139.mp4',0,4.1,3065,55,'2025-01-27','2025-08-17 11:22:29',0,'Note per video 139',0),(145,'Video di test 141','Sport','/media/video_141.mp4',0,6,8121,45,'2024-11-13','2025-07-14 11:22:29',0,'Note per video 141',0),(146,'Video di test 142','Musica','/media/video_142.mp4',0,5.8,5128,147,'2025-02-22','2025-09-08 11:22:29',0,'Note per video 142',0),(147,'Video di test 143','Sport','/media/video_143.mp4',0,7.4,8123,148,'2025-01-04','2025-06-14 11:22:29',0,'Note per video 143',0),(149,'Video di test 145','Documentario','/media/video_145.mp4',0,9.8,561,63,'2025-02-13',NULL,0,'Note per video 145',0),(150,'Video di test 146','Tutorial','/media/video_146.mp4',0,3,7787,1,'2024-12-31','2025-08-03 11:22:30',0,'Note per video 146',0),(151,'Video di test 147','Documentario','/media/video_147.mp4',0,6.1,6152,42,'2025-05-18',NULL,0,'Note per video 147',0),(153,'Video di test 149','Musica','/media/video_149.mp4',0,9.1,3199,155,'2025-05-05','2025-09-10 11:22:30',0,'Note per video 149',0),(154,'Video di test 150','Musica','/media/video_150.mp4',0,0.6,9328,89,'2025-01-04',NULL,0,'Note per video 150',0),(155,'Video di test 151','Chitarra','/media/video_151.mp4',0,4.7,396,139,'2024-12-11','2025-09-03 11:22:30',0,'Note per video 151',0),(156,'Video di test 152','Musica','/media/video_152.mp4',0,3.1,3930,5,'2024-09-26',NULL,0,'Note per video 152',0),(157,'Video di test 153','Tutorial','/media/video_153.mp4',0,9.6,8969,106,'2025-06-07','2025-09-02 11:22:30',0,'Note per video 153',0),(158,'Video di test 154','Sport','/media/video_154.mp4',0,2.6,6202,55,'2025-01-11','2025-08-14 11:22:30',0,'Note per video 154',0),(161,'Video di test 157','Chitarra','/media/video_157.mp4',0,9.4,8059,36,'2025-02-09','2025-09-05 11:22:30',0,'Note per video 157',0),(162,'Video di test 158','Musica','/media/video_158.mp4',0,3,5591,159,'2024-12-10','2025-07-25 11:22:30',0,'Note per video 158',0),(163,'Video di test 159','Sport','/media/video_159.mp4',0,6.1,2014,32,'2025-05-28',NULL,0,'Note per video 159',0),(164,'Video di test 160','Musica','/media/video_160.mp4',0,6.4,2240,36,'2025-05-19','2025-08-25 11:22:30',0,'Note per video 160',0),(165,'Video di test 161','Tutorial','/media/video_161.mp4',1,0.5,7278,89,'2025-05-25','2025-08-11 11:22:30',0,'Note per video 161',0),(166,'Video di test 162','Sport','/media/video_162.mp4',0,4.2,4511,1,'2025-01-12','2025-07-01 11:22:30',0,'Note per video 162',0),(167,'Video di test 163','Sport','/media/video_163.mp4',0,3.9,8851,48,'2025-01-07','2025-09-04 11:22:30',0,'Note per video 163',0),(168,'Video di test 164','Tutorial','/media/video_164.mp4',0,6.1,188,47,'2025-06-14','2025-07-08 11:22:30',1,'Note per video 164',0),(169,'Video di test 165','Tutorial','/media/video_165.mp4',0,7.5,9968,131,'2025-01-12','2025-06-21 11:22:30',0,'Note per video 165',0),(171,'Video di test 167','Chitarra','/media/video_167.mp4',0,1.8,2643,140,'2025-08-10','2025-07-27 11:22:30',1,'Note per video 167',0),(172,'Video di test 168','Musica','/media/video_168.mp4',0,0.4,448,21,'2025-03-31',NULL,0,'Note per video 168',0),(174,'Video di test 170','Musica','/media/video_170.mp4',0,9.7,5632,161,'2024-11-26','2025-08-28 11:22:30',0,'Note per video 170',0),(175,'Video di test 171','Tutorial','/media/video_171.mp4',0,4.4,5818,107,'2025-06-23','2025-09-01 11:22:30',0,'Note per video 171',0),(177,'Video di test 173','Musica','/media/video_173.mp4',0,4.3,5260,58,'2025-08-26','2025-08-11 11:22:30',0,'Note per video 173',0),(179,'Video di test 175','Musica','/media/video_175.mp4',0,7.4,9052,57,'2024-10-28','2025-07-14 11:22:30',0,'Note per video 175',0),(180,'Video di test 176','Tutorial','/media/video_176.mp4',0,8,1249,39,'2024-12-24',NULL,0,'Note per video 176',0),(182,'Video di test 178','Chitarra','/media/video_178.mp4',0,1.5,6310,128,'2025-01-11','2025-08-26 11:22:30',0,'Note per video 178',0),(184,'Video di test 180','Tutorial','/media/video_180.mp4',1,0.2,5512,123,'2024-12-06',NULL,0,'Note per video 180',0),(185,'Video di test 181','Tutorial','/media/video_181.mp4',0,7.5,8161,149,'2025-01-06',NULL,0,'Note per video 181',0),(186,'Video di test 182','Chitarra','/media/video_182.mp4',0,8.8,3375,8,'2025-06-24',NULL,0,'Note per video 182',0),(187,'Video di test 183','Musica','/media/video_183.mp4',0,4,5192,68,'2025-05-08','2025-09-05 11:22:30',0,'Note per video 183',0),(188,'Video di test 184','Chitarra','/media/video_184.mp4',0,8.8,1654,31,'2025-04-28','2025-06-23 11:22:30',1,'Note per video 184',0),(190,'Video di test 186','Tutorial','/media/video_186.mp4',0,3.7,3328,98,'2024-12-15','2025-08-20 11:22:30',1,'Note per video 186',0),(194,'Video di test 190','Tutorial','/media/video_190.mp4',0,6.5,9825,174,'2024-10-25','2025-09-06 11:22:30',0,'Note per video 190',0),(195,'Video di test 191','Chitarra','/media/video_191.mp4',0,6.5,8908,92,'2024-10-20',NULL,0,'Note per video 191',0),(196,'Video di test 192','Tutorial','/media/video_192.mp4',0,4.4,8742,10,'2025-01-14','2025-06-21 11:22:30',0,'Note per video 192',0),(197,'Video di test 193','Musica','/media/video_193.mp4',0,1,3748,100,'2025-01-12','2025-08-01 11:22:30',0,'Note per video 193',0),(198,'Video di test 194','Tutorial','/media/video_194.mp4',0,8.8,3464,14,'2025-05-08','2025-07-08 11:22:30',0,'Note per video 194',0),(199,'Video di test 195','Musica','/media/video_195.mp4',0,2.5,3763,24,'2025-03-01','2025-06-11 11:22:30',0,'Note per video 195',0),(200,'Video di test 196','Musica','/media/video_196.mp4',0,8.2,4105,104,'2025-01-15','2025-06-08 11:22:30',0,'Note per video 196',0),(201,'Video di test 197','Musica','/media/video_197.mp4',0,4.7,2584,161,'2025-01-03',NULL,0,'Note per video 197',0),(202,'Video di test 198','Sport','/media/video_198.mp4',0,7.2,6352,3,'2025-07-09',NULL,0,'Note per video 198',0),(203,'Video di test 199','Tutorial','/media/video_199.mp4',1,6.1,75,39,'2025-08-22','2025-08-26 11:22:30',0,'Note per video 199',0),(204,'Video di test 200','Chitarra','/media/video_200.mp4',1,4.4,664,1,'2024-11-07','2025-07-13 11:22:30',0,'Note per video 200',0),(205,'Video di test 201','Musica','/media/video_201.mp4',0,3.7,2746,47,'2025-03-22','2025-07-03 11:22:30',0,'Note per video 201',0),(206,'Video di test 202','Musica','/media/video_202.mp4',0,7.1,5885,144,'2025-06-22',NULL,0,'Note per video 202',0),(207,'Video di test 203','Sport','/media/video_203.mp4',0,5.6,1499,14,'2024-09-28','2025-06-10 11:22:30',0,'Note per video 203',0),(208,'Video di test 204','Tutorial','/media/video_204.mp4',0,4.5,4824,10,'2024-11-12','2025-07-11 11:22:30',0,'Note per video 204',1),(209,'Video di test 205','Chitarra','/media/video_205.mp4',0,0.8,5011,49,'2024-11-06','2025-06-28 11:22:30',0,'Note per video 205',0),(210,'Video di test 206','Tutorial','/media/video_206.mp4',0,5.4,4449,106,'2025-01-28','2025-09-15 11:22:30',0,'Note per video 206',0),(211,'Video di test 207','Sport','/media/video_207.mp4',0,4.6,3140,32,'2024-09-25','2025-07-11 11:22:30',0,'Note per video 207',0),(212,'Video di test 208','Musica','/media/video_208.mp4',0,7.6,6538,178,'2024-09-16','2025-09-06 11:22:30',0,'Note per video 208',0),(213,'Video di test 209','Chitarra','/media/video_209.mp4',1,7.4,6606,15,'2025-04-03','2025-07-11 11:22:30',0,'Note per video 209',0),(214,'Video di test 210','Chitarra','/media/video_210.mp4',0,6.9,9443,119,'2025-03-24','2025-07-16 11:22:30',0,'Note per video 210',0),(215,'Video di test 211','Tutorial','/media/video_211.mp4',1,2.8,2483,73,'2025-05-28','2025-07-24 11:22:30',0,'Note per video 211',0),(217,'Video di test 213','Musica','/media/video_213.mp4',0,0.8,2400,170,'2025-09-12','2025-09-12 11:22:30',0,'Note per video 213',0),(218,'Video di test 214','Chitarra','/media/video_214.mp4',1,7.8,3208,45,'2025-05-27',NULL,0,'Note per video 214',0),(219,'Video di test 215','Chitarra','/media/video_215.mp4',0,2.7,7895,25,'2025-05-19','2025-09-06 11:22:30',0,'Note per video 215',0),(220,'Video di test 216','Sport','/media/video_216.mp4',0,5.3,378,106,'2024-11-11','2025-07-05 11:22:30',0,'Note per video 216',0),(221,'Video di test 217','Tutorial','/media/video_217.mp4',1,4.6,2185,129,'2024-10-02','2025-08-29 11:22:30',1,'Note per video 217',0),(225,'Video di test 221','Chitarra','/media/video_221.mp4',0,2,8534,120,'2024-12-01',NULL,0,'Note per video 221',0),(226,'Video di test 222','Tutorial','/media/video_222.mp4',0,3.8,9180,83,'2025-02-22','2025-08-01 11:22:30',0,'Note per video 222',0),(227,'Video di test 223','Sport','/media/video_223.mp4',0,1.3,5670,80,'2025-03-03','2025-09-04 11:22:30',0,'Note per video 223',0),(228,'Video di test 224','Musica','/media/video_224.mp4',0,8.7,2601,126,'2024-12-21','2025-07-16 11:22:30',0,'Note per video 224',0),(229,'Video di test 225','Tutorial','/media/video_225.mp4',0,1.6,7370,38,'2024-11-10','2025-07-30 11:22:30',0,'Note per video 225',0),(230,'Video di test 226','Documentario','/media/video_226.mp4',0,1,4427,167,'2025-05-24',NULL,0,'Note per video 226',0),(231,'Video di test 227','Tutorial','/media/video_227.mp4',0,3.8,8346,5,'2025-01-20','2025-06-18 11:22:30',0,'Note per video 227',0),(232,'Video di test 228','Documentario','/media/video_228.mp4',0,7.6,536,179,'2024-11-22','2025-06-08 11:22:30',0,'Note per video 228',0),(233,'Video di test 229','Tutorial','/media/video_229.mp4',0,7.7,1304,63,'2025-04-30',NULL,1,'Note per video 229',0),(234,'Video di test 230','Sport','/media/video_230.mp4',0,1.3,9319,49,'2025-02-15','2025-07-10 11:22:30',0,'Note per video 230',0),(236,'Video di test 232','Sport','/media/video_232.mp4',0,5.5,8879,143,'2025-05-18','2025-08-17 11:22:30',0,'Note per video 232',0),(237,'Video di test 233','Sport','/media/video_233.mp4',1,9.4,1191,138,'2025-03-19','2025-08-12 11:22:30',0,'Note per video 233',0),(238,'Video di test 234','Tutorial','/media/video_234.mp4',0,8.6,2838,150,'2025-05-15','2025-06-22 11:22:30',0,'Note per video 234',0),(240,'Video di test 236','Documentario','/media/video_236.mp4',0,8,7485,62,'2025-03-16','2025-06-26 11:22:30',0,'Note per video 236',0),(242,'Video di test 238','Tutorial','/media/video_238.mp4',0,1.8,4968,167,'2025-07-20',NULL,0,'Note per video 238',0),(243,'Video di test 239','Musica','/media/video_239.mp4',0,8.3,2568,140,'2025-07-25','2025-08-03 11:22:30',1,'Note per video 239',1),(244,'Video di test 240','Tutorial','/media/video_240.mp4',0,7.8,7078,33,'2024-11-27','2025-06-22 11:22:30',0,'Note per video 240',0),(246,'Video di test 242','Sport','/media/video_242.mp4',0,0.4,4838,54,'2025-08-26','2025-07-08 11:22:30',0,'Note per video 242',0),(247,'Video di test 243','Musica','/media/video_243.mp4',0,0.5,4279,178,'2025-01-11','2025-09-15 11:22:30',0,'Note per video 243',0),(248,'Video di test 244','Tutorial','/media/video_244.mp4',0,5.9,1931,34,'2025-04-28','2025-07-19 11:22:30',0,'Note per video 244',0),(249,'Video di test 245','Musica','/media/video_245.mp4',0,2.3,535,101,'2025-01-15','2025-08-27 11:22:30',1,'Note per video 245',0),(250,'Video di test 246','Documentario','/media/video_246.mp4',0,1.2,9861,104,'2024-10-04','2025-08-31 11:22:30',0,'Note per video 246',0),(252,'Video di test 248','Musica','/media/video_248.mp4',0,9.6,8266,47,'2024-11-16','2025-08-12 11:22:30',0,'Note per video 248',0),(253,'Video di test 249','Documentario','/media/video_249.mp4',0,1.7,8307,114,'2025-01-04','2025-07-01 11:22:30',1,'Note per video 249',0),(255,'Video di test 251','Documentario','/media/video_251.mp4',0,4.3,2562,178,'2025-07-13',NULL,1,'Note per video 251',0),(256,'Video di test 252','Tutorial','/media/video_252.mp4',0,3.8,7672,123,'2025-08-03','2025-08-10 11:22:30',0,'Note per video 252',0),(257,'Video di test 253','Documentario','/media/video_253.mp4',0,9.2,544,90,'2025-05-08','2025-08-18 11:22:30',0,'Note per video 253',0),(258,'Video di test 254','Musica','/media/video_254.mp4',1,7,9875,150,'2025-06-25','2025-08-03 11:22:30',0,'Note per video 254',0),(259,'Video di test 255','Tutorial','/media/video_255.mp4',0,6.5,3314,126,'2025-03-07','2025-09-11 11:22:30',0,'Note per video 255',0),(261,'Video di test 257','Sport','/media/video_257.mp4',0,4,4537,11,'2024-09-28','2025-08-17 11:22:30',0,'Note per video 257',0),(262,'Video di test 258','Documentario','/media/video_258.mp4',1,1.4,2584,158,'2025-02-02','2025-08-03 11:22:30',0,'Note per video 258',0),(263,'Video di test 259','Tutorial','/media/video_259.mp4',1,3.9,4691,29,'2025-04-20','2025-07-26 11:22:30',0,'Note per video 259',0),(264,'Video di test 260','Sport','/media/video_260.mp4',0,1.8,9241,14,'2025-01-25',NULL,0,'Note per video 260',0),(265,'Video di test 261','Sport','/media/video_261.mp4',0,7.3,7948,141,'2025-02-26','2025-08-14 11:22:30',0,'Note per video 261',0),(266,'Video di test 262','Documentario','/media/video_262.mp4',0,3.7,5532,119,'2025-01-18','2025-07-24 11:22:30',0,'Note per video 262',0),(267,'Video di test 263','Musica','/media/video_263.mp4',1,0.5,8208,172,'2025-05-16',NULL,0,'Note per video 263',0),(268,'Video di test 264','Tutorial','/media/video_264.mp4',1,2.1,132,76,'2025-08-12','2025-07-11 11:22:30',0,'Note per video 264',0),(269,'Video di test 265','Documentario','/media/video_265.mp4',0,0.7,3909,132,'2025-03-14','2025-08-31 11:22:30',0,'Note per video 265',0),(270,'Video di test 266','Tutorial','/media/video_266.mp4',1,5.6,6690,122,'2025-04-26',NULL,0,'Note per video 266',0),(272,'Video di test 268','Tutorial','/media/video_268.mp4',0,4.8,5402,49,'2024-12-16',NULL,0,'Note per video 268',0),(273,'Video di test 269','Musica','/media/video_269.mp4',0,4.3,3468,79,'2025-07-13','2025-08-24 11:22:30',0,'Note per video 269',0),(274,'Video di test 270','Tutorial','/media/video_270.mp4',0,5.3,3418,22,'2025-02-11','2025-08-25 11:22:30',0,'Note per video 270',0),(275,'Video di test 271','Documentario','/media/video_271.mp4',0,1.8,2852,160,'2025-02-08','2025-06-21 11:22:30',0,'Note per video 271',0),(276,'Video di test 272','Tutorial','/media/video_272.mp4',0,2.5,1816,28,'2025-06-17',NULL,1,'Note per video 272',0),(277,'Video di test 273','Documentario','/media/video_273.mp4',0,1.2,5073,29,'2025-06-01',NULL,0,'Note per video 273',1),(278,'Video di test 274','Musica','/media/video_274.mp4',1,7,2600,33,'2025-07-22','2025-07-22 11:22:30',0,'Note per video 274',0),(279,'Video di test 275','Tutorial','/media/video_275.mp4',0,4.2,897,31,'2025-02-04','2025-06-25 11:22:30',0,'Note per video 275',0),(280,'Video di test 276','Documentario','/media/video_276.mp4',0,2.7,4386,67,'2025-02-26','2025-07-21 11:22:30',0,'Note per video 276',0),(281,'Video di test 277','Tutorial','/media/video_277.mp4',1,6.7,2694,61,'2024-10-22','2025-07-09 11:22:30',0,'Note per video 277',0),(282,'Video di test 278','Musica','/media/video_278.mp4',0,2.5,8358,75,'2025-02-11',NULL,0,'Note per video 278',0),(283,'Video di test 279','Tutorial','/media/video_279.mp4',0,9.6,5340,143,'2025-04-27','2025-07-20 11:22:30',0,'Note per video 279',0),(284,'Video di test 280','Tutorial','/media/video_280.mp4',0,0.8,9152,58,'2024-10-29','2025-07-26 11:22:30',0,'Note per video 280',0),(285,'Video di test 281','Sport','/media/video_281.mp4',0,7.1,6417,12,'2025-04-19',NULL,1,'Note per video 281',0),(287,'Video di test 283','Musica','/media/video_283.mp4',1,0.1,4685,56,'2025-07-16',NULL,0,'Note per video 283',0),(289,'Video di test 285','Sport','/media/video_285.mp4',0,0.7,4110,152,'2025-09-09','2025-07-16 11:22:30',0,'Note per video 285',0),(290,'Video di test 286','Sport','/media/video_286.mp4',0,9,376,90,'2025-04-25','2025-09-01 11:22:30',0,'Note per video 286',0),(292,'Video di test 288','Musica','/media/video_288.mp4',0,4.3,685,11,'2025-08-10','2025-08-17 11:22:30',0,'Note per video 288',0),(293,'Video di test 289','Sport','/media/video_289.mp4',0,3.2,6313,33,'2025-09-05','2025-06-22 11:22:30',0,'Note per video 289',1),(295,'Video di test 291','Sport','/media/video_291.mp4',1,5.6,8099,64,'2025-05-07',NULL,0,'Note per video 291',0),(296,'Video di test 292','Sport','/media/video_292.mp4',0,8.8,6135,75,'2025-06-14','2025-08-13 11:22:30',0,'Note per video 292',0),(297,'Video di test 293','Documentario','/media/video_293.mp4',0,1.3,6528,157,'2025-04-14','2025-08-28 11:22:30',0,'Note per video 293',0),(298,'Video di test 294','Sport','/media/video_294.mp4',0,3,8867,97,'2025-08-30','2025-06-20 11:22:30',0,'Note per video 294',0),(299,'Video di test 295','Documentario','/media/video_295.mp4',0,7.4,1198,67,'2025-03-09','2025-06-23 11:22:30',0,'Note per video 295',0),(300,'Video di test 296','Musica','/media/video_296.mp4',0,6.5,4074,18,'2025-06-02','2025-06-27 11:22:30',0,'Note per video 296',0),(301,'Video di test 297','Musica','/media/video_297.mp4',0,2.1,5125,165,'2025-08-28','2025-08-10 11:22:30',0,'Note per video 297',0),(302,'Video di test 298','Musica','/media/video_298.mp4',0,7.5,622,12,'2025-07-17','2025-07-18 11:22:30',0,'Note per video 298',0),(303,'Video di test 299','Documentario','/media/video_299.mp4',0,1.9,8829,150,'2025-03-05','2025-08-26 11:22:30',0,'Note per video 299',0),(304,'Video di test 300','Documentario','/media/video_300.mp4',1,2.2,8241,82,'2024-11-20',NULL,0,'Note per video 300',0),(305,'Video di test 301','Documentario','/media/video_301.mp4',0,3.3,235,23,'2025-02-11','2025-09-10 11:22:30',0,'Note per video 301',0),(306,'Video di test 302','Documentario','/media/video_302.mp4',0,7.7,5556,84,'2025-01-10',NULL,0,'Note per video 302',0),(307,'Video di test 303','Musica','/media/video_303.mp4',0,6.2,9533,165,'2024-12-21',NULL,0,'Note per video 303',0),(308,'Video di test 304','Musica','/media/video_304.mp4',0,9.3,6495,82,'2025-05-13','2025-07-11 11:22:30',0,'Note per video 304',0),(309,'Video di test 305','Tutorial','/media/video_305.mp4',0,6,3684,10,'2025-07-13',NULL,1,'Note per video 305',0),(310,'Video di test 306','Documentario','/media/video_306.mp4',1,0.2,7824,153,'2024-10-15','2025-08-04 11:22:30',0,'Note per video 306',0),(316,'Video di test 312','Tutorial','/media/video_312.mp4',0,7.4,2222,161,'2024-11-20','2025-07-18 11:22:30',0,'Note per video 312',0),(317,'Video di test 313','Sport','/media/video_313.mp4',0,2,9128,174,'2025-08-05','2025-06-15 11:22:30',0,'Note per video 313',0),(318,'Video di test 314','Tutorial','/media/video_314.mp4',0,4.8,5323,41,'2025-02-22','2025-06-17 11:22:30',0,'Note per video 314',0),(319,'Video di test 315','Sport','/media/video_315.mp4',0,4,2718,29,'2024-09-16','2025-07-23 11:22:30',0,'Note per video 315',0),(320,'Video di test 316','Sport','/media/video_316.mp4',1,8,4587,162,'2025-07-26',NULL,0,'Note per video 316',0),(321,'Video di test 317','Tutorial','/media/video_317.mp4',0,5.4,7291,4,'2024-10-11','2025-09-06 11:22:30',0,'Note per video 317',0),(322,'Video di test 318','Tutorial','/media/video_318.mp4',0,0.8,2626,13,'2025-02-09',NULL,0,'Note per video 318',0),(323,'Video di test 319','Documentario','/media/video_319.mp4',0,9.6,2988,108,'2025-08-01',NULL,0,'Note per video 319',0),(324,'Video di test 320','Tutorial','/media/video_320.mp4',0,2.1,9867,53,'2025-03-12','2025-06-19 11:22:30',0,'Note per video 320',0),(325,'Video di test 321','Sport','/media/video_321.mp4',1,0.9,410,170,'2025-02-05','2025-08-28 11:22:30',0,'Note per video 321',0),(327,'Video di test 323','Documentario','/media/video_323.mp4',1,2.1,5342,5,'2025-03-02','2025-07-28 11:22:30',0,'Note per video 323',0),(329,'Video di test 325','Tutorial','/media/video_325.mp4',0,2.2,4074,69,'2024-12-27','2025-06-09 11:22:30',0,'Note per video 325',0),(331,'Video di test 327','Musica','/media/video_327.mp4',1,6.3,7461,153,'2025-09-08','2025-07-10 11:22:30',0,'Note per video 327',0),(332,'Video di test 328','Sport','/media/video_328.mp4',0,5.9,1656,12,'2024-11-07','2025-06-29 11:22:30',0,'Note per video 328',0),(334,'Video di test 330','Tutorial','/media/video_330.mp4',0,5.2,2233,99,'2025-08-17',NULL,0,'Note per video 330',0),(335,'Video di test 331','Musica','/media/video_331.mp4',0,1.8,203,101,'2024-12-12','2025-08-20 11:22:30',0,'Note per video 331',0),(337,'Video di test 333','Tutorial','/media/video_333.mp4',0,1,1175,52,'2025-08-11','2025-06-27 11:22:30',0,'Note per video 333',0),(338,'Video di test 334','Musica','/media/video_334.mp4',0,8.8,9703,39,'2025-07-08','2025-06-20 11:22:30',0,'Note per video 334',0),(339,'Video di test 335','Musica','/media/video_335.mp4',0,6.8,1798,155,'2024-12-05','2025-08-26 11:22:30',0,'Note per video 335',0),(340,'Video di test 336','Musica','/media/video_336.mp4',0,7.8,6928,21,'2025-03-11','2025-07-21 11:22:30',0,'Note per video 336',0),(341,'Video di test 337','Sport','/media/video_337.mp4',0,2.7,6136,48,'2025-03-16',NULL,1,'Note per video 337',0),(342,'Video di test 338','Sport','/media/video_338.mp4',0,9.1,4934,133,'2025-06-28',NULL,0,'Note per video 338',0),(344,'Video di test 340','Tutorial','/media/video_340.mp4',1,8.7,1544,31,'2025-04-23','2025-08-27 11:22:30',0,'Note per video 340',0),(345,'Video di test 341','Musica','/media/video_341.mp4',0,1.6,1276,26,'2025-05-11','2025-07-26 11:22:30',0,'Note per video 341',0),(346,'Video di test 342','Sport','/media/video_342.mp4',0,7.9,8266,138,'2025-05-01','2025-07-04 11:22:30',0,'Note per video 342',0),(347,'Video di test 343','Documentario','/media/video_343.mp4',0,7.7,3259,57,'2025-01-28','2025-09-06 11:22:30',0,'Note per video 343',1),(348,'Video di test 344','Documentario','/media/video_344.mp4',0,9.2,4289,70,'2025-01-15','2025-06-25 11:22:30',0,'Note per video 344',0),(350,'Video di test 346','Tutorial','/media/video_346.mp4',0,6.8,8627,48,'2024-12-08','2025-06-19 11:22:30',0,'Note per video 346',0),(351,'Video di test 347','Documentario','/media/video_347.mp4',0,6.4,4038,20,'2025-05-12','2025-06-14 11:22:30',0,'Note per video 347',0),(352,'Video di test 348','Sport','/media/video_348.mp4',1,7.2,399,8,'2025-08-09','2025-07-18 11:22:30',0,'Note per video 348',0),(353,'Video di test 349','Sport','/media/video_349.mp4',0,5.7,1333,171,'2025-05-08',NULL,0,'Note per video 349',0),(354,'Video di test 350','Sport','/media/video_350.mp4',0,0.6,7185,75,'2024-10-04','2025-07-21 11:22:30',0,'Note per video 350',0),(355,'Video di test 351','Musica','/media/video_351.mp4',1,3.5,1494,127,'2025-08-09','2025-07-19 11:22:30',0,'Note per video 351',0),(356,'Video di test 352','Documentario','/media/video_352.mp4',0,2.8,5381,154,'2025-01-13',NULL,0,'Note per video 352',0),(357,'Video di test 353','Tutorial','/media/video_353.mp4',1,7.5,6399,173,'2024-10-23','2025-08-19 11:22:30',0,'Note per video 353',0),(358,'Video di test 354','Sport','/media/video_354.mp4',0,2.6,5984,36,'2025-06-27','2025-06-27 11:22:30',0,'Note per video 354',0),(360,'Video di test 356','Tutorial','/media/video_356.mp4',0,7,1947,158,'2024-11-18','2025-06-11 11:22:30',0,'Note per video 356',0),(361,'Video di test 357','Sport','/media/video_357.mp4',0,3.5,7146,92,'2025-04-10','2025-06-28 11:22:30',0,'Note per video 357',0),(362,'Video di test 358','Documentario','/media/video_358.mp4',1,5.6,7675,27,'2025-03-31',NULL,0,'Note per video 358',0),(363,'Video di test 359','Tutorial','/media/video_359.mp4',0,9.7,5020,108,'2025-03-15',NULL,1,'Note per video 359',0),(364,'Video di test 360','Musica','/media/video_360.mp4',0,5.2,8547,130,'2025-08-20','2025-07-09 11:22:30',0,'Note per video 360',0),(365,'Video di test 361','Sport','/media/video_361.mp4',0,8.1,889,4,'2024-11-07','2025-07-31 11:22:30',0,'Note per video 361',0),(366,'Video di test 362','Documentario','/media/video_362.mp4',0,9,9624,22,'2024-12-16','2025-07-22 11:22:30',0,'Note per video 362',0),(368,'Video di test 364','Documentario','/media/video_364.mp4',0,9,9243,164,'2024-12-02','2025-07-15 11:22:30',0,'Note per video 364',0),(369,'Video di test 365','Musica','/media/video_365.mp4',0,7.7,7657,93,'2025-05-30',NULL,0,'Note per video 365',1),(370,'Video di test 366','Tutorial','/media/video_366.mp4',0,7.9,4087,119,'2025-08-08','2025-08-16 11:22:30',0,'Note per video 366',0),(371,'Video di test 367','Documentario','/media/video_367.mp4',0,2.2,6172,78,'2025-05-22','2025-07-27 11:22:30',0,'Note per video 367',0),(372,'Video di test 368','Documentario','/media/video_368.mp4',0,6.1,983,119,'2025-09-07','2025-07-23 11:22:30',0,'Note per video 368',0),(373,'Video di test 369','Tutorial','/media/video_369.mp4',0,6.3,2766,87,'2025-02-11','2025-07-01 11:22:30',0,'Note per video 369',0),(374,'Video di test 370','Tutorial','/media/video_370.mp4',0,4.4,8292,147,'2025-02-05','2025-09-01 11:22:30',0,'Note per video 370',0),(375,'Video di test 371','Documentario','/media/video_371.mp4',0,8.3,8507,139,'2025-05-17','2025-07-12 11:22:30',0,'Note per video 371',0),(376,'Video di test 372','Documentario','/media/video_372.mp4',0,8.2,2200,115,'2025-03-03',NULL,0,'Note per video 372',0),(377,'Video di test 373','Tutorial','/media/video_373.mp4',0,8.6,1424,26,'2025-05-27','2025-07-24 11:22:30',0,'Note per video 373',0),(378,'Video di test 374','Documentario','/media/video_374.mp4',0,8.7,2483,113,'2025-04-19','2025-07-24 11:22:30',0,'Note per video 374',0),(379,'Video di test 375','Tutorial','/media/video_375.mp4',0,6.7,4515,46,'2024-10-11',NULL,0,'Note per video 375',0),(380,'Video di test 376','Sport','/media/video_376.mp4',0,7.7,9648,93,'2025-01-01',NULL,0,'Note per video 376',0),(381,'Video di test 377','Tutorial','/media/video_377.mp4',0,3.3,1757,160,'2024-10-06','2025-08-11 11:22:30',0,'Note per video 377',0),(382,'Video di test 378','Tutorial','/media/video_378.mp4',0,5.1,1222,12,'2024-09-27','2025-08-18 11:22:30',0,'Note per video 378',0),(384,'Video di test 380','Documentario','/media/video_380.mp4',0,2.6,7156,145,'2024-10-22','2025-07-13 11:22:30',1,'Note per video 380',0),(387,'Video di test 383','Tutorial','/media/video_383.mp4',1,1.9,5335,16,'2024-11-05','2025-07-21 11:22:30',0,'Note per video 383',1),(388,'Video di test 384','Tutorial','/media/video_384.mp4',1,8.1,9179,26,'2024-09-26','2025-08-25 11:22:30',0,'Note per video 384',0),(389,'Video di test 385','Sport','/media/video_385.mp4',0,7.8,556,168,'2025-03-07',NULL,0,'Note per video 385',0),(390,'Video di test 386','Tutorial','/media/video_386.mp4',0,1.9,7311,18,'2025-05-26','2025-08-18 11:22:30',0,'Note per video 386',0),(391,'Video di test 387','Musica','/media/video_387.mp4',0,9,4607,108,'2025-01-27','2025-06-17 11:22:30',0,'Note per video 387',0),(392,'Video di test 388','Documentario','/media/video_388.mp4',0,9.2,2886,122,'2025-03-01','2025-07-05 11:22:30',0,'Note per video 388',0),(393,'Video di test 389','Documentario','/media/video_389.mp4',1,8.4,8968,176,'2025-07-03','2025-06-26 11:22:30',0,'Note per video 389',0),(394,'Video di test 390','Documentario','/media/video_390.mp4',0,1.5,5505,57,'2024-10-09',NULL,0,'Note per video 390',0),(395,'Video di test 391','Documentario','/media/video_391.mp4',1,6.2,5376,151,'2025-02-09','2025-07-25 11:22:30',0,'Note per video 391',0),(396,'Video di test 392','Tutorial','/media/video_392.mp4',0,1.3,7634,76,'2024-11-20',NULL,0,'Note per video 392',0),(399,'Video di test 395','Sport','/media/video_395.mp4',1,8.9,2699,123,'2025-02-01','2025-08-11 11:22:30',0,'Note per video 395',0),(400,'Video di test 396','Sport','/media/video_396.mp4',1,7.2,5130,73,'2025-03-17','2025-06-22 11:22:30',0,'Note per video 396',0),(401,'Video di test 397','Documentario','/media/video_397.mp4',0,6.9,9905,159,'2025-03-29','2025-06-10 11:22:30',0,'Note per video 397',0),(402,'Video di test 398','Sport','/media/video_398.mp4',1,9.1,9349,172,'2024-09-22','2025-08-23 11:22:30',1,'Note per video 398',0),(405,'Video di test 401','Documentario','/media/video_401.mp4',1,4.7,2169,121,'2024-12-28','2025-07-12 11:22:30',0,'Note per video 401',0),(406,'Video di test 402','Tutorial','/media/video_402.mp4',1,7.1,1208,86,'2025-09-01',NULL,0,'Note per video 402',0),(407,'Video di test 403','Musica','/media/video_403.mp4',0,5.1,3447,32,'2024-10-30',NULL,0,'Note per video 403',0),(408,'Video di test 404','Tutorial','/media/video_404.mp4',0,4.7,6988,15,'2025-05-14','2025-08-27 11:22:30',0,'Note per video 404',0),(409,'Video di test 405','Musica','/media/video_405.mp4',0,6,2085,45,'2025-01-24','2025-08-14 11:22:30',0,'Note per video 405',0),(410,'Video di test 406','Tutorial','/media/video_406.mp4',1,2.8,9732,2,'2025-07-23',NULL,0,'Note per video 406',0),(411,'Video di test 407','Documentario','/media/video_407.mp4',0,3.8,4105,163,'2025-05-30',NULL,0,'Note per video 407',0),(412,'Video di test 408','Tutorial','/media/video_408.mp4',0,9.9,4833,77,'2024-12-30','2025-08-28 11:22:30',0,'Note per video 408',1),(413,'Video di test 409','Tutorial','/media/video_409.mp4',0,3.8,214,172,'2024-12-20',NULL,0,'Note per video 409',0),(414,'Video di test 410','Sport','/media/video_410.mp4',0,6.6,4823,79,'2024-12-11','2025-08-29 11:22:30',0,'Note per video 410',0),(415,'Video di test 411','Tutorial','/media/video_411.mp4',0,2.1,8323,97,'2025-06-29','2025-07-20 11:22:30',0,'Note per video 411',0),(416,'Video di test 412','Sport','/media/video_412.mp4',0,7.6,9880,120,'2025-05-01',NULL,0,'Note per video 412',0),(418,'Video di test 414','Sport','/media/video_414.mp4',0,8.5,7858,70,'2025-02-04',NULL,0,'Note per video 414',0),(420,'Video di test 416','Documentario','/media/video_416.mp4',0,5.7,772,121,'2025-07-20',NULL,0,'Note per video 416',0),(421,'Video di test 417','Sport','/media/video_417.mp4',0,2.6,5743,15,'2024-12-30','2025-08-15 11:22:30',0,'Note per video 417',0),(422,'Video di test 418','Sport','/media/video_418.mp4',0,5.8,1350,170,'2025-05-14',NULL,0,'Note per video 418',0),(423,'Video di test 419','Sport','/media/video_419.mp4',0,2.4,5006,141,'2025-04-16',NULL,0,'Note per video 419',0),(424,'Video di test 420','Documentario','/media/video_420.mp4',0,6.9,8116,0,'2025-02-21',NULL,0,'Note per video 420',0),(425,'Video di test 421','Documentario','/media/video_421.mp4',0,2.2,9753,41,'2025-06-30','2025-08-20 11:22:30',0,'Note per video 421',0),(426,'Video di test 422','Musica','/media/video_422.mp4',0,4.6,3381,55,'2025-03-06',NULL,1,'Note per video 422',0),(428,'Video di test 424','Documentario','/media/video_424.mp4',1,0.1,7693,147,'2024-12-03','2025-09-15 11:22:30',0,'Note per video 424',0),(430,'Video di test 426','Tutorial','/media/video_426.mp4',1,7.1,3854,145,'2024-10-30',NULL,0,'Note per video 426',0),(431,'Video di test 427','Documentario','/media/video_427.mp4',0,6.6,7757,162,'2025-07-12','2025-08-03 11:22:30',0,'Note per video 427',0),(432,'Video di test 428','Musica','/media/video_428.mp4',0,2.2,5614,25,'2025-09-05',NULL,0,'Note per video 428',0),(433,'Video di test 429','Tutorial','/media/video_429.mp4',1,4,7869,131,'2025-06-01','2025-08-01 11:22:30',0,'Note per video 429',0),(434,'Video di test 430','Documentario','/media/video_430.mp4',0,4,5458,96,'2025-09-04','2025-07-11 11:22:30',0,'Note per video 430',0),(435,'Video di test 431','Tutorial','/media/video_431.mp4',0,8.2,2146,109,'2025-04-25','2025-07-26 11:22:30',0,'Note per video 431',0),(437,'Video di test 433','Tutorial','/media/video_433.mp4',0,4.3,3786,109,'2024-10-23','2025-07-15 11:22:30',0,'Note per video 433',0),(440,'Video di test 436','Musica','/media/video_436.mp4',0,2.6,9528,178,'2025-08-07','2025-08-01 11:22:30',0,'Note per video 436',0),(442,'Video di test 438','Tutorial','/media/video_438.mp4',1,4.3,9105,45,'2025-03-03',NULL,1,'Note per video 438',0),(443,'Video di test 439','Sport','/media/video_439.mp4',0,7.4,3325,81,'2025-06-06','2025-08-16 11:22:30',0,'Note per video 439',0),(444,'Video di test 440','Tutorial','/media/video_440.mp4',0,9.5,5726,4,'2025-04-22',NULL,0,'Note per video 440',0),(446,'Video di test 442','Tutorial','/media/video_442.mp4',1,4.3,9377,69,'2025-08-03','2025-06-23 11:22:30',0,'Note per video 442',1),(447,'Video di test 443','Documentario','/media/video_443.mp4',1,5.8,2969,136,'2024-10-25','2025-08-18 11:22:30',0,'Note per video 443',0),(448,'Video di test 444','Musica','/media/video_444.mp4',1,8.1,7701,73,'2024-12-26','2025-06-28 11:22:30',0,'Note per video 444',0),(449,'Video di test 445','Sport','/media/video_445.mp4',0,6.4,4300,39,'2024-11-23','2025-07-23 11:22:30',0,'Note per video 445',1),(451,'Video di test 447','Musica','/media/video_447.mp4',0,0.7,3962,136,'2025-02-05',NULL,1,'Note per video 447',0),(452,'Video di test 448','Musica','/media/video_448.mp4',0,2.1,2772,137,'2025-09-15',NULL,0,'Note per video 448',0),(453,'Video di test 449','Tutorial','/media/video_449.mp4',0,3.1,5405,140,'2025-06-03','2025-07-18 11:22:30',0,'Note per video 449',0),(454,'Video di test 450','Musica','/media/video_450.mp4',0,9.8,4210,30,'2025-02-15','2025-08-18 11:22:31',0,'Note per video 450',0),(455,'Video di test 451','Documentario','/media/video_451.mp4',0,0,2734,63,'2024-10-04','2025-07-21 11:22:31',0,'Note per video 451',0),(456,'Video di test 452','Musica','/media/video_452.mp4',0,6.1,791,100,'2025-02-21','2025-09-14 11:22:31',0,'Note per video 452',0),(457,'Video di test 453','Tutorial','/media/video_453.mp4',1,9.2,1613,9,'2024-12-03',NULL,0,'Note per video 453',0),(458,'Video di test 454','Musica','/media/video_454.mp4',0,9.4,3577,176,'2024-11-14','2025-07-08 11:22:31',0,'Note per video 454',0),(459,'Video di test 455','Tutorial','/media/video_455.mp4',0,8.5,3624,49,'2025-05-31','2025-08-14 11:22:31',0,'Note per video 455',0),(460,'Video di test 456','Documentario','/media/video_456.mp4',0,5.9,1446,173,'2025-04-25','2025-08-29 11:22:31',0,'Note per video 456',0),(461,'Video di test 457','Tutorial','/media/video_457.mp4',0,3.8,9466,104,'2025-08-24','2025-07-13 11:22:31',0,'Note per video 457',0),(462,'Video di test 458','Musica','/media/video_458.mp4',0,1.9,6340,110,'2025-07-21',NULL,0,'Note per video 458',0),(463,'Video di test 459','Tutorial','/media/video_459.mp4',0,6.8,23,175,'2024-10-30','2025-07-12 11:22:31',0,'Note per video 459',0),(465,'Video di test 461','Tutorial','/media/video_461.mp4',0,0.9,9022,44,'2025-03-04',NULL,1,'Note per video 461',0),(467,'Video di test 463','Documentario','/media/video_463.mp4',0,5.7,9188,160,'2025-01-05',NULL,0,'Note per video 463',0),(468,'Video di test 464','Tutorial','/media/video_464.mp4',0,2.2,8342,91,'2025-09-04','2025-09-08 11:22:31',0,'Note per video 464',0),(469,'Video di test 465','Documentario','/media/video_465.mp4',0,6.2,2857,102,'2024-09-23','2025-09-10 11:22:31',0,'Note per video 465',0),(470,'Video di test 466','Documentario','/media/video_466.mp4',0,2.7,3662,5,'2025-08-28','2025-07-13 11:22:31',0,'Note per video 466',0),(472,'Video di test 468','Musica','/media/video_468.mp4',1,2.4,6380,85,'2025-04-01',NULL,0,'Note per video 468',0),(473,'Video di test 469','Tutorial','/media/video_469.mp4',0,3.9,761,35,'2024-12-08','2025-06-12 11:22:31',1,'Note per video 469',0),(474,'Video di test 470','Musica','/media/video_470.mp4',0,7.9,4029,115,'2024-09-17','2025-08-16 11:22:31',0,'Note per video 470',0),(475,'Video di test 471','Sport','/media/video_471.mp4',0,5.7,6342,84,'2025-04-09',NULL,0,'Note per video 471',0),(476,'Video di test 472','Musica','/media/video_472.mp4',0,8.6,6897,156,'2025-06-01',NULL,0,'Note per video 472',0),(478,'Video di test 474','Sport','/media/video_474.mp4',1,2.3,8476,99,'2025-07-01','2025-08-11 11:22:31',0,'Note per video 474',0),(481,'Video di test 477','Sport','/media/video_477.mp4',1,0.4,576,28,'2025-02-05','2025-09-07 11:22:31',0,'Note per video 477',0),(482,'Video di test 478','Musica','/media/video_478.mp4',0,5.7,2709,118,'2025-03-27','2025-07-22 11:22:31',0,'Note per video 478',0),(483,'Video di test 479','Documentario','/media/video_479.mp4',0,2.3,6288,79,'2025-05-19','2025-07-19 11:22:31',0,'Note per video 479',0),(484,'Video di test 480','Documentario','/media/video_480.mp4',0,6,3829,17,'2025-05-11','2025-08-25 11:22:31',0,'Note per video 480',0),(485,'Video di test 481','Sport','/media/video_481.mp4',0,7.6,488,174,'2025-01-01','2025-06-13 11:22:31',0,'Note per video 481',0),(486,'Video di test 482','Musica','/media/video_482.mp4',0,3,9385,141,'2025-08-09','2025-07-25 11:22:31',0,'Note per video 482',0),(487,'Video di test 483','Tutorial','/media/video_483.mp4',0,5.1,8709,148,'2025-03-17','2025-07-11 11:22:31',0,'Note per video 483',1),(489,'Video di test 485','Documentario','/media/video_485.mp4',0,4.5,5821,102,'2025-08-05',NULL,0,'Note per video 485',0),(492,'Video di test 488','Tutorial','/media/video_488.mp4',0,4.8,5564,60,'2025-09-10','2025-08-18 11:22:31',0,'Note per video 488',0),(494,'Video di test 490','Sport','/media/video_490.mp4',0,8.3,3122,14,'2025-03-30','2025-09-14 11:22:31',0,'Note per video 490',1),(496,'Video di test 492','Sport','/media/video_492.mp4',0,7.9,6807,6,'2025-08-01','2025-08-21 11:22:31',0,'Note per video 492',0),(498,'Video di test 494','Documentario','/media/video_494.mp4',1,3.8,5521,110,'2025-04-15','2025-09-14 11:22:31',0,'Note per video 494',0),(499,'Video di test 495','Musica','/media/video_495.mp4',1,7.4,3487,93,'2025-02-21','2025-07-19 11:22:31',0,'Note per video 495',0),(500,'Video di test 496','Tutorial','/media/video_496.mp4',0,3.4,7790,159,'2025-08-10',NULL,0,'Note per video 496',0),(501,'Video di test 497','Sport','/media/video_497.mp4',0,10,3021,92,'2025-01-15',NULL,0,'Note per video 497',0),(502,'Video di test 498','Musica','/media/video_498.mp4',0,3,1531,155,'2024-11-09','2025-06-27 11:22:31',1,'Note per video 498',0),(503,'Video di test 499','Sport','/media/video_499.mp4',0,5.8,8827,122,'2024-12-13',NULL,0,'Note per video 499',0),(505,'Video di test 501','Sport','/media/video_501.mp4',1,3.9,6907,53,'2025-04-18','2025-07-15 11:22:31',0,'Note per video 501',0),(507,'Video di test 503','Musica','/media/video_503.mp4',0,0.8,3545,95,'2025-02-17','2025-07-01 11:22:31',0,'Note per video 503',0),(509,'Video di test 505','Musica','/media/video_505.mp4',0,5.5,1286,177,'2025-02-27',NULL,0,'Note per video 505',0),(510,'Video di test 506','Tutorial','/media/video_506.mp4',1,5.1,2520,132,'2024-10-15','2025-08-26 11:22:31',0,'Note per video 506',0),(511,'Video di test 507','Documentario','/media/video_507.mp4',0,2.9,8150,39,'2025-01-20','2025-09-09 11:22:31',0,'Note per video 507',0),(512,'Video di test 508','Musica','/media/video_508.mp4',0,7.3,3168,70,'2025-09-14',NULL,0,'Note per video 508',0),(513,'Video di test 509','Sport','/media/video_509.mp4',0,7.3,9526,102,'2024-09-16','2025-08-05 11:22:31',0,'Note per video 509',0),(514,'Video di test 510','Tutorial','/media/video_510.mp4',0,8.1,6633,159,'2025-04-12','2025-08-28 11:22:31',0,'Note per video 510',0),(518,'Video di test 514','Documentario','/media/video_514.mp4',0,0.2,3373,113,'2025-07-22',NULL,0,'Note per video 514',0),(519,'Video di test 515','Musica','/media/video_515.mp4',1,4.3,8326,158,'2024-10-24',NULL,0,'Note per video 515',0),(520,'Video di test 516','Tutorial','/media/video_516.mp4',0,2,1577,36,'2025-03-06','2025-07-13 11:22:31',0,'Note per video 516',0),(521,'Video di test 517','Documentario','/media/video_517.mp4',1,9,1245,167,'2025-06-10','2025-06-14 11:22:31',1,'Note per video 517',0),(522,'Video di test 518','Tutorial','/media/video_518.mp4',0,4.4,1515,78,'2024-12-27','2025-08-15 11:22:31',0,'Note per video 518',0),(524,'Video di test 520','Tutorial','/media/video_520.mp4',0,6.6,6036,5,'2025-05-14','2025-09-09 11:22:31',0,'Note per video 520',0),(525,'Video di test 521','Musica','/media/video_521.mp4',0,0,1109,99,'2025-04-10','2025-08-21 11:22:31',0,'Note per video 521',0),(526,'Video di test 522','Musica','/media/video_522.mp4',0,4.9,4594,151,'2024-11-20','2025-08-03 11:22:31',0,'Note per video 522',0),(527,'Video di test 523','Tutorial','/media/video_523.mp4',0,8.7,3320,10,'2025-05-31','2025-07-18 11:22:31',0,'Note per video 523',0),(528,'Video di test 524','Musica','/media/video_524.mp4',0,0.7,4466,3,'2024-12-13',NULL,0,'Note per video 524',0),(529,'Video di test 525','Documentario','/media/video_525.mp4',1,2.2,7508,16,'2025-07-03',NULL,0,'Note per video 525',0),(534,'Video di test 530','Tutorial','/media/video_530.mp4',0,1.6,5400,40,'2025-03-13',NULL,0,'Note per video 530',0),(535,'Video di test 531','Musica','/media/video_531.mp4',0,1.5,3173,25,'2024-12-17','2025-08-12 11:22:31',0,'Note per video 531',0),(536,'Video di test 532','Tutorial','/media/video_532.mp4',0,9,4506,100,'2025-04-09','2025-08-20 11:22:31',0,'Note per video 532',1),(537,'Video di test 533','Tutorial','/media/video_533.mp4',0,6.5,8109,17,'2025-08-30',NULL,0,'Note per video 533',0),(538,'Video di test 534','Sport','/media/video_534.mp4',0,7.7,362,155,'2025-07-04','2025-07-26 11:22:31',0,'Note per video 534',0),(539,'Video di test 535','Tutorial','/media/video_535.mp4',0,0.4,8920,61,'2025-09-05','2025-07-25 11:22:31',0,'Note per video 535',0),(541,'Video di test 537','Documentario','/media/video_537.mp4',1,8.5,1600,45,'2024-12-07','2025-08-22 11:22:31',0,'Note per video 537',0),(542,'Video di test 538','Tutorial','/media/video_538.mp4',0,8.4,9026,179,'2025-06-10','2025-06-11 11:22:31',0,'Note per video 538',0),(543,'Video di test 539','Sport','/media/video_539.mp4',0,3.2,5022,99,'2025-06-10','2025-07-21 11:22:31',0,'Note per video 539',0),(544,'Video di test 540','Tutorial','/media/video_540.mp4',1,6.3,7941,14,'2025-09-07',NULL,0,'Note per video 540',0),(546,'Video di test 542','Tutorial','/media/video_542.mp4',0,9.7,9145,120,'2025-02-11',NULL,1,'Note per video 542',0),(547,'Video di test 543','Documentario','/media/video_543.mp4',0,9.7,716,81,'2025-08-29',NULL,0,'Note per video 543',0),(548,'Video di test 544','Tutorial','/media/video_544.mp4',0,4.5,2786,6,'2025-05-12','2025-09-09 11:22:31',0,'Note per video 544',0),(549,'Video di test 545','Musica','/media/video_545.mp4',0,4,5250,76,'2025-02-25','2025-06-26 11:22:31',0,'Note per video 545',0),(551,'Video di test 547','Documentario','/media/video_547.mp4',0,0.5,5125,71,'2025-04-03','2025-06-08 11:22:31',0,'Note per video 547',0),(552,'Video di test 548','Tutorial','/media/video_548.mp4',0,3.4,9469,131,'2024-11-27',NULL,0,'Note per video 548',1),(553,'Video di test 549','Tutorial','/media/video_549.mp4',0,7.5,5849,122,'2025-01-18','2025-08-21 11:22:31',0,'Note per video 549',0),(554,'Video di test 550','Tutorial','/media/video_550.mp4',0,9.4,8473,75,'2025-02-21','2025-09-01 11:22:31',0,'Note per video 550',0),(555,'Video di test 551','Tutorial','/media/video_551.mp4',0,9.7,3377,142,'2024-10-05','2025-06-11 11:22:31',0,'Note per video 551',0),(556,'Video di test 552','Sport','/media/video_552.mp4',0,5,9774,69,'2024-09-17',NULL,0,'Note per video 552',0),(557,'Video di test 553','Documentario','/media/video_553.mp4',1,6.8,2496,38,'2025-05-21',NULL,0,'Note per video 553',0),(558,'Video di test 554','Tutorial','/media/video_554.mp4',1,9.9,4483,49,'2025-09-04','2025-07-22 11:22:31',0,'Note per video 554',0),(559,'Video di test 555','Sport','/media/video_555.mp4',0,1.5,3293,36,'2025-09-04','2025-07-14 11:22:31',0,'Note per video 555',0),(560,'Video di test 556','Sport','/media/video_556.mp4',0,0.6,5095,64,'2025-06-14','2025-08-20 11:22:31',0,'Note per video 556',0),(561,'Video di test 557','Documentario','/media/video_557.mp4',1,5.8,3010,138,'2024-10-03','2025-08-06 11:22:31',0,'Note per video 557',0),(562,'Video di test 558','Musica','/media/video_558.mp4',0,0.3,9724,139,'2024-10-04','2025-08-20 11:22:31',1,'Note per video 558',0),(566,'Video di test 562','Tutorial','/media/video_562.mp4',1,5.9,6936,128,'2025-03-24','2025-06-19 11:22:31',0,'Note per video 562',0),(567,'Video di test 563','Documentario','/media/video_563.mp4',0,4.9,7925,89,'2025-08-11',NULL,0,'Note per video 563',0),(568,'Video di test 564','Documentario','/media/video_564.mp4',0,6.1,6293,58,'2024-12-25','2025-09-03 11:22:31',0,'Note per video 564',0),(569,'Video di test 565','Documentario','/media/video_565.mp4',0,2.7,8257,56,'2025-08-14','2025-08-22 11:22:31',0,'Note per video 565',0),(570,'Video di test 566','Tutorial','/media/video_566.mp4',0,2.4,2650,111,'2025-05-28','2025-08-11 11:22:31',0,'Note per video 566',0),(571,'Video di test 567','Documentario','/media/video_567.mp4',0,1.1,6996,29,'2024-12-28','2025-08-16 11:22:31',0,'Note per video 567',0),(572,'Video di test 568','Tutorial','/media/video_568.mp4',0,6,2566,86,'2025-01-29',NULL,0,'Note per video 568',0),(574,'Video di test 570','Tutorial','/media/video_570.mp4',0,6.4,7121,113,'2025-09-14','2025-07-11 11:22:31',0,'Note per video 570',0),(575,'Video di test 571','Musica','/media/video_571.mp4',0,7.6,8733,15,'2024-11-25',NULL,0,'Note per video 571',0),(576,'Video di test 572','Sport','/media/video_572.mp4',0,7.5,4837,30,'2025-04-22','2025-08-21 11:22:31',0,'Note per video 572',0),(577,'Video di test 573','Sport','/media/video_573.mp4',0,8.6,3864,61,'2025-02-25',NULL,1,'Note per video 573',0),(579,'Video di test 575','Documentario','/media/video_575.mp4',0,2.7,4430,71,'2025-01-18','2025-07-24 11:22:31',0,'Note per video 575',0),(580,'Video di test 576','Tutorial','/media/video_576.mp4',0,5.8,9795,26,'2024-11-26','2025-08-03 11:22:31',0,'Note per video 576',0),(581,'Video di test 577','Sport','/media/video_577.mp4',0,2.3,5487,10,'2025-01-19','2025-07-24 11:22:31',0,'Note per video 577',0),(582,'Video di test 578','Musica','/media/video_578.mp4',0,8.4,6092,93,'2024-12-09','2025-09-05 11:22:31',0,'Note per video 578',0),(583,'Video di test 579','Documentario','/media/video_579.mp4',0,6.6,5703,157,'2025-01-21','2025-08-24 11:22:31',0,'Note per video 579',0),(585,'Video di test 581','Documentario','/media/video_581.mp4',1,3.3,594,56,'2025-04-25','2025-06-15 11:22:31',0,'Note per video 581',0),(588,'Video di test 584','Documentario','/media/video_584.mp4',0,1.8,3810,63,'2025-01-27','2025-07-17 11:22:31',0,'Note per video 584',0),(589,'Video di test 585','Sport','/media/video_585.mp4',0,9.7,9043,112,'2025-04-20','2025-07-21 11:22:31',0,'Note per video 585',0),(592,'Video di test 588','Musica','/media/video_588.mp4',0,2.2,8700,125,'2024-10-31','2025-06-27 11:22:31',0,'Note per video 588',0),(594,'Video di test 590','Sport','/media/video_590.mp4',0,2.9,3579,167,'2025-02-18','2025-07-07 11:22:31',0,'Note per video 590',0),(595,'Video di test 591','Musica','/media/video_591.mp4',0,5.1,8843,160,'2024-11-27','2025-08-20 11:22:31',0,'Note per video 591',0),(596,'Video di test 592','Tutorial','/media/video_592.mp4',0,0.4,814,52,'2025-07-03','2025-09-03 11:22:31',0,'Note per video 592',0),(597,'Video di test 593','Tutorial','/media/video_593.mp4',1,8.3,8203,108,'2025-02-26',NULL,0,'Note per video 593',0),(598,'Video di test 594','Sport','/media/video_594.mp4',1,3.3,4052,9,'2025-09-01','2025-09-05 11:22:31',0,'Note per video 594',0),(599,'Video di test 595','Musica','/media/video_595.mp4',0,7,5694,135,'2025-08-31',NULL,0,'Note per video 595',0),(600,'Video di test 596','Documentario','/media/video_596.mp4',1,1.3,2000,109,'2025-04-03','2025-06-25 11:22:31',0,'Note per video 596',0),(604,'Video di test 600','Tutorial','/media/video_600.mp4',0,5.6,1137,160,'2025-08-06',NULL,1,'Note per video 600',0),(605,'Video di test 601','Musica','/media/video_601.mp4',0,5.1,794,154,'2025-08-31','2025-09-08 11:22:31',0,'Note per video 601',1),(606,'Video di test 602','Tutorial','/media/video_602.mp4',1,5.8,8567,99,'2025-07-07','2025-06-10 11:22:31',0,'Note per video 602',0),(607,'Video di test 603','Musica','/media/video_603.mp4',1,8.3,6612,144,'2025-09-03',NULL,0,'Note per video 603',0),(608,'Video di test 604','Tutorial','/media/video_604.mp4',0,9.4,5894,24,'2024-10-16','2025-09-02 11:22:31',0,'Note per video 604',0),(609,'Video di test 605','Tutorial','/media/video_605.mp4',0,4.4,6492,168,'2024-12-20',NULL,0,'Note per video 605',0),(610,'Video di test 606','Sport','/media/video_606.mp4',0,4,3521,101,'2024-12-16','2025-09-07 11:22:31',0,'Note per video 606',0),(611,'Video di test 607','Tutorial','/media/video_607.mp4',0,4.2,3004,41,'2025-06-19','2025-06-20 11:22:31',0,'Note per video 607',0),(612,'Video di test 608','Tutorial','/media/video_608.mp4',0,3.6,4042,169,'2025-03-19','2025-07-01 11:22:31',0,'Note per video 608',0),(613,'Video di test 609','Sport','/media/video_609.mp4',0,9.5,9137,126,'2024-12-03',NULL,0,'Note per video 609',0),(614,'Video di test 610','Documentario','/media/video_610.mp4',1,6.1,263,54,'2025-04-09','2025-09-07 11:22:31',0,'Note per video 610',0),(615,'Video di test 611','Tutorial','/media/video_611.mp4',0,8.8,4525,109,'2025-01-07','2025-09-15 11:22:31',0,'Note per video 611',0),(617,'Video di test 613','Documentario','/media/video_613.mp4',0,3.8,259,176,'2024-11-21','2025-08-14 11:22:31',0,'Note per video 613',0),(619,'Video di test 615','Musica','/media/video_615.mp4',0,8.4,9967,85,'2025-04-25','2025-07-29 11:22:31',0,'Note per video 615',0),(621,'Video di test 617','Tutorial','/media/video_617.mp4',0,5.7,6325,84,'2025-04-09',NULL,0,'Note per video 617',0),(622,'Video di test 618','Tutorial','/media/video_618.mp4',0,0.8,2961,40,'2025-06-19','2025-06-16 11:22:31',1,'Note per video 618',0),(623,'Video di test 619','Musica','/media/video_619.mp4',0,8.5,6658,142,'2024-10-04','2025-09-13 11:22:31',1,'Note per video 619',0),(624,'Video di test 620','Tutorial','/media/video_620.mp4',0,3.2,7600,150,'2024-10-22',NULL,0,'Note per video 620',0),(625,'Video di test 621','Musica','/media/video_621.mp4',0,2,407,107,'2024-11-05','2025-09-13 11:22:31',0,'Note per video 621',0),(626,'Video di test 622','Documentario','/media/video_622.mp4',0,5.4,9019,158,'2025-01-04',NULL,0,'Note per video 622',0),(627,'Video di test 623','Tutorial','/media/video_623.mp4',0,2.5,3666,14,'2025-05-24','2025-07-13 11:22:31',0,'Note per video 623',0),(629,'Video di test 625','Tutorial','/media/video_625.mp4',0,7.5,2210,154,'2025-01-25','2025-08-31 11:22:31',0,'Note per video 625',0),(630,'Video di test 626','Musica','/media/video_626.mp4',0,6.2,7630,169,'2025-04-12','2025-08-17 11:22:31',0,'Note per video 626',0),(631,'Video di test 627','Tutorial','/media/video_627.mp4',0,8,1484,63,'2025-05-19','2025-06-17 11:22:31',0,'Note per video 627',0),(632,'Video di test 628','Sport','/media/video_628.mp4',0,2.9,5564,161,'2024-11-19','2025-07-16 11:22:31',0,'Note per video 628',0),(634,'Video di test 630','Musica','/media/video_630.mp4',0,1.4,4657,160,'2025-08-19','2025-08-25 11:22:31',1,'Note per video 630',0),(635,'Video di test 631','Musica','/media/video_631.mp4',1,7.3,2442,5,'2025-04-11','2025-09-15 11:22:31',0,'Note per video 631',0),(636,'Video di test 632','Documentario','/media/video_632.mp4',1,0.3,7314,100,'2025-02-05','2025-09-14 11:22:31',0,'Note per video 632',0),(637,'Video di test 633','Sport','/media/video_633.mp4',0,2.8,7433,157,'2025-07-27','2025-06-15 11:22:31',0,'Note per video 633',0),(639,'Video di test 635','Tutorial','/media/video_635.mp4',0,9.5,5691,179,'2025-06-01','2025-08-05 11:22:31',0,'Note per video 635',0),(640,'Video di test 636','Musica','/media/video_636.mp4',0,6.9,9389,114,'2025-05-01',NULL,0,'Note per video 636',0),(641,'Video di test 637','Musica','/media/video_637.mp4',0,8.5,2180,99,'2025-08-08',NULL,1,'Note per video 637',0),(642,'Video di test 638','Musica','/media/video_638.mp4',1,0.9,9354,75,'2025-05-30','2025-08-25 11:22:31',0,'Note per video 638',0),(644,'Video di test 640','Tutorial','/media/video_640.mp4',1,4.5,1830,101,'2025-06-07','2025-07-19 11:22:31',0,'Note per video 640',0),(647,'Video di test 643','Tutorial','/media/video_643.mp4',0,4,9507,101,'2024-09-25','2025-06-12 11:22:31',0,'Note per video 643',0),(648,'Video di test 644','Musica','/media/video_644.mp4',0,1.5,4348,131,'2025-05-09','2025-06-26 11:22:31',0,'Note per video 644',0),(649,'Video di test 645','Musica','/media/video_645.mp4',1,2,7712,48,'2025-09-07','2025-07-25 11:22:31',0,'Note per video 645',0),(651,'Video di test 647','Sport','/media/video_647.mp4',0,9,5116,154,'2024-12-14','2025-07-02 11:22:31',0,'Note per video 647',0),(652,'Video di test 648','Musica','/media/video_648.mp4',1,1.6,6822,166,'2025-02-18','2025-07-02 11:22:31',0,'Note per video 648',0),(654,'Video di test 650','Musica','/media/video_650.mp4',1,3.9,9130,72,'2025-06-07','2025-09-12 11:22:31',0,'Note per video 650',0),(656,'Video di test 652','Sport','/media/video_652.mp4',0,1.5,2912,179,'2025-08-04','2025-07-20 11:22:31',0,'Note per video 652',0),(657,'Video di test 653','Sport','/media/video_653.mp4',0,3.2,4871,83,'2024-11-03',NULL,1,'Note per video 653',0),(658,'Video di test 654','Tutorial','/media/video_654.mp4',0,4.7,7292,43,'2025-09-12','2025-07-18 11:22:31',1,'Note per video 654',0),(659,'Video di test 655','Musica','/media/video_655.mp4',0,9.5,4258,47,'2025-08-29','2025-09-08 11:22:31',1,'Note per video 655',0),(660,'Video di test 656','Documentario','/media/video_656.mp4',0,0.8,5528,96,'2025-09-03','2025-07-11 11:22:31',0,'Note per video 656',0),(662,'Video di test 658','Tutorial','/media/video_658.mp4',0,5.3,8388,109,'2025-03-12',NULL,0,'Note per video 658',0),(663,'Video di test 659','Tutorial','/media/video_659.mp4',0,0.3,5899,156,'2025-02-19','2025-07-25 11:22:31',0,'Note per video 659',0),(664,'Video di test 660','Musica','/media/video_660.mp4',0,4.7,4909,5,'2025-01-11','2025-07-30 11:22:31',0,'Note per video 660',0),(665,'Video di test 661','Musica','/media/video_661.mp4',1,8.9,4429,96,'2025-05-06','2025-06-17 11:22:31',0,'Note per video 661',0),(666,'Video di test 662','Documentario','/media/video_662.mp4',1,9.4,3854,18,'2025-05-13','2025-09-09 11:22:31',1,'Note per video 662',0),(667,'Video di test 663','Documentario','/media/video_663.mp4',1,0.9,754,19,'2025-05-23','2025-08-14 11:22:31',0,'Note per video 663',0),(668,'Video di test 664','Musica','/media/video_664.mp4',0,1,6521,175,'2024-10-20','2025-08-11 11:22:31',0,'Note per video 664',0),(669,'Video di test 665','Sport','/media/video_665.mp4',0,2.3,7385,3,'2024-10-31','2025-06-12 11:22:31',0,'Note per video 665',0),(670,'Video di test 666','Musica','/media/video_666.mp4',0,8.4,1717,61,'2025-07-06',NULL,0,'Note per video 666',0),(671,'Video di test 667','Musica','/media/video_667.mp4',0,4.4,1893,111,'2025-03-08',NULL,0,'Note per video 667',0),(673,'Video di test 669','Tutorial','/media/video_669.mp4',0,9.1,8052,54,'2025-08-13','2025-07-27 11:22:31',0,'Note per video 669',0),(674,'Video di test 670','Documentario','/media/video_670.mp4',0,3,6593,71,'2024-09-16',NULL,1,'Note per video 670',0),(675,'Video di test 671','Musica','/media/video_671.mp4',0,0.7,5191,69,'2025-05-03','2025-08-08 11:22:31',0,'Note per video 671',0),(676,'Video di test 672','Musica','/media/video_672.mp4',0,5.9,2130,54,'2024-10-31','2025-07-08 11:22:31',1,'Note per video 672',0),(677,'Video di test 673','Musica','/media/video_673.mp4',1,1.7,4032,89,'2025-06-12',NULL,0,'Note per video 673',0),(678,'Video di test 674','Documentario','/media/video_674.mp4',0,8,2896,6,'2025-05-28','2025-09-03 11:22:31',0,'Note per video 674',0),(680,'Video di test 676','Tutorial','/media/video_676.mp4',0,0,2470,41,'2025-04-20','2025-07-28 11:22:31',0,'Note per video 676',0),(681,'Video di test 677','Sport','/media/video_677.mp4',1,3,2898,101,'2024-10-08','2025-08-22 11:22:31',0,'Note per video 677',0),(682,'Video di test 678','Musica','/media/video_678.mp4',1,5.6,4978,143,'2025-03-23','2025-07-09 11:22:31',0,'Note per video 678',0),(683,'Video di test 679','Musica','/media/video_679.mp4',0,6.1,8257,56,'2025-08-15','2025-08-23 11:22:31',0,'Note per video 679',0),(684,'Video di test 680','Sport','/media/video_680.mp4',0,4.8,4882,178,'2025-03-21','2025-06-15 11:22:31',0,'Note per video 680',0),(685,'Video di test 681','Tutorial','/media/video_681.mp4',1,6.9,2971,75,'2025-07-02',NULL,0,'Note per video 681',0),(688,'Video di test 684','Musica','/media/video_684.mp4',0,7.5,7160,60,'2025-03-08','2025-07-27 11:22:31',0,'Note per video 684',0),(690,'Video di test 686','Sport','/media/video_686.mp4',1,4.8,1111,20,'2025-06-18',NULL,0,'Note per video 686',0),(693,'Video di test 689','Tutorial','/media/video_689.mp4',1,2.7,7577,175,'2025-02-06','2025-07-04 11:22:31',0,'Note per video 689',0),(694,'Video di test 690','Sport','/media/video_690.mp4',0,0.8,8787,26,'2025-08-12','2025-06-17 11:22:31',0,'Note per video 690',0),(695,'Video di test 691','Musica','/media/video_691.mp4',0,7.6,2349,161,'2024-12-09','2025-07-28 11:22:31',0,'Note per video 691',0),(696,'Video di test 692','Documentario','/media/video_692.mp4',1,2.9,8983,112,'2025-04-13','2025-09-15 11:22:31',0,'Note per video 692',0),(698,'Video di test 694','Musica','/media/video_694.mp4',0,1,1020,40,'2024-11-23','2025-07-27 11:22:31',0,'Note per video 694',0),(699,'Video di test 695','Documentario','/media/video_695.mp4',0,1.2,3573,74,'2024-09-19',NULL,0,'Note per video 695',0),(700,'Video di test 696','Tutorial','/media/video_696.mp4',0,4.6,7267,43,'2025-09-04','2025-09-07 11:22:31',1,'Note per video 696',0),(701,'Video di test 697','Tutorial','/media/video_697.mp4',0,9.2,7552,3,'2024-11-14','2025-09-04 11:22:31',0,'Note per video 697',0),(702,'Video di test 698','Musica','/media/video_698.mp4',0,9.2,9265,157,'2025-02-11','2025-06-15 11:22:31',0,'Note per video 698',0),(703,'Video di test 699','Documentario','/media/video_699.mp4',1,3,4782,90,'2025-08-17',NULL,0,'Note per video 699',0),(704,'Video di test 700','Tutorial','/media/video_700.mp4',1,7.2,2816,43,'2025-05-11','2025-09-03 11:22:31',0,'Note per video 700',0),(707,'Video di test 703','Sport','/media/video_703.mp4',0,0.9,6087,140,'2025-08-23',NULL,0,'Note per video 703',0),(708,'Video di test 704','Sport','/media/video_704.mp4',0,3.1,1400,138,'2025-04-08',NULL,0,'Note per video 704',0),(709,'Video di test 705','Sport','/media/video_705.mp4',0,8.4,7367,27,'2025-02-22','2025-09-08 11:22:31',0,'Note per video 705',0),(710,'Video di test 706','Documentario','/media/video_706.mp4',0,9.7,749,81,'2025-09-04',NULL,0,'Note per video 706',0),(711,'Video di test 707','Musica','/media/video_707.mp4',0,1.9,4987,168,'2025-07-14','2025-06-24 11:22:31',0,'Note per video 707',0),(712,'Video di test 708','Musica','/media/video_708.mp4',1,4.2,7865,121,'2025-09-10','2025-08-27 11:22:31',0,'Note per video 708',0),(713,'Video di test 709','Documentario','/media/video_709.mp4',0,2.6,45,44,'2025-06-22','2025-08-06 11:22:31',0,'Note per video 709',0),(714,'Video di test 710','Documentario','/media/video_710.mp4',0,2.5,3609,8,'2025-07-22','2025-07-15 11:22:31',0,'Note per video 710',0),(716,'Video di test 712','Tutorial','/media/video_712.mp4',1,4.5,7047,29,'2024-12-28','2025-08-22 11:22:31',0,'Note per video 712',0),(717,'Video di test 713','Sport','/media/video_713.mp4',1,2.8,9473,158,'2025-02-20','2025-08-17 11:22:31',0,'Note per video 713',0),(718,'Video di test 714','Tutorial','/media/video_714.mp4',0,0.2,8860,67,'2025-07-03',NULL,0,'Note per video 714',0),(720,'Video di test 716','Tutorial','/media/video_716.mp4',1,9.8,3893,1,'2024-10-30','2025-08-27 11:22:31',0,'Note per video 716',0),(721,'Video di test 717','Musica','/media/video_717.mp4',0,0.8,1888,126,'2024-10-09','2025-09-10 11:22:31',0,'Note per video 717',0),(722,'Video di test 718','Musica','/media/video_718.mp4',0,2.7,8111,42,'2024-12-16','2025-06-15 11:22:31',0,'Note per video 718',0),(724,'Video di test 720','Documentario','/media/video_720.mp4',0,4.1,9748,115,'2025-06-07','2025-08-03 11:22:31',0,'Note per video 720',0),(727,'Video di test 723','Tutorial','/media/video_723.mp4',1,8.6,995,162,'2025-06-27','2025-08-16 11:22:31',0,'Note per video 723',0),(728,'Video di test 724','Musica','/media/video_724.mp4',0,8.6,1074,171,'2025-04-06','2025-07-30 11:22:31',0,'Note per video 724',0),(729,'Video di test 725','Documentario','/media/video_725.mp4',0,8.3,3550,50,'2025-05-18',NULL,1,'Note per video 725',0),(731,'Video di test 727','Documentario','/media/video_727.mp4',1,6.7,7603,144,'2024-12-27','2025-06-24 11:22:31',0,'Note per video 727',0),(732,'Video di test 728','Tutorial','/media/video_728.mp4',0,2.3,813,127,'2025-05-28','2025-09-12 11:22:31',1,'Note per video 728',0),(734,'Video di test 730','Sport','/media/video_730.mp4',0,1.7,8665,147,'2025-03-14','2025-06-23 11:22:31',0,'Note per video 730',0),(735,'Video di test 731','Sport','/media/video_731.mp4',0,3,7951,16,'2025-08-23','2025-09-10 11:22:31',0,'Note per video 731',0),(736,'Video di test 732','Sport','/media/video_732.mp4',1,1.2,2962,23,'2024-12-14','2025-07-11 11:22:31',0,'Note per video 732',0),(737,'Video di test 733','Documentario','/media/video_733.mp4',1,3.2,954,91,'2025-06-10',NULL,0,'Note per video 733',0),(738,'Video di test 734','Sport','/media/video_734.mp4',0,9.6,4237,42,'2024-10-19',NULL,0,'Note per video 734',0),(740,'Video di test 736','Sport','/media/video_736.mp4',0,1,4751,13,'2024-09-29','2025-09-14 11:22:31',0,'Note per video 736',0),(742,'Video di test 738','Tutorial','/media/video_738.mp4',0,5.1,3453,37,'2024-09-16','2025-06-22 11:22:31',0,'Note per video 738',0),(743,'Video di test 739','Documentario','/media/video_739.mp4',0,7.7,61,131,'2025-01-23','2025-08-24 11:22:31',1,'Note per video 739',0),(744,'Video di test 740','Musica','/media/video_740.mp4',1,6.2,7725,179,'2025-01-10','2025-06-08 11:22:31',0,'Note per video 740',0),(745,'Video di test 741','Documentario','/media/video_741.mp4',1,5.4,905,151,'2024-10-13','2025-06-30 11:22:31',0,'Note per video 741',0),(746,'Video di test 742','Musica','/media/video_742.mp4',0,5.4,4836,141,'2025-03-20','2025-06-11 11:22:31',0,'Note per video 742',0),(747,'Video di test 743','Sport','/media/video_743.mp4',0,3.5,7923,165,'2025-06-27','2025-09-09 11:22:31',0,'Note per video 743',0),(748,'Video di test 744','Documentario','/media/video_744.mp4',0,5.8,985,132,'2025-04-24',NULL,0,'Note per video 744',0),(749,'Video di test 745','Sport','/media/video_745.mp4',1,5.4,1940,61,'2025-08-02','2025-07-22 11:22:31',1,'Note per video 745',0),(750,'Video di test 746','Documentario','/media/video_746.mp4',0,2,1747,49,'2024-11-12','2025-08-05 11:22:31',0,'Note per video 746',0),(751,'Video di test 747','Tutorial','/media/video_747.mp4',0,2.6,5033,130,'2025-08-06','2025-07-20 11:22:31',0,'Note per video 747',0),(754,'Video di test 750','Documentario','/media/video_750.mp4',0,2.3,2843,129,'2024-12-15','2025-07-07 11:22:31',0,'Note per video 750',0),(755,'Video di test 751','Musica','/media/video_751.mp4',0,2.3,2366,86,'2025-01-01','2025-08-21 11:22:31',1,'Note per video 751',0),(756,'Video di test 752','Documentario','/media/video_752.mp4',0,7.7,9822,110,'2025-07-30',NULL,0,'Note per video 752',0),(757,'Video di test 753','Sport','/media/video_753.mp4',1,7.8,8868,16,'2024-11-30','2025-09-09 11:22:31',0,'Note per video 753',0),(759,'Video di test 755','Documentario','/media/video_755.mp4',0,0.5,3496,108,'2024-09-27','2025-08-23 11:22:31',1,'Note per video 755',0),(760,'Video di test 756','Sport','/media/video_756.mp4',0,5,1010,0,'2024-12-27','2025-07-01 11:22:31',1,'Note per video 756',0),(762,'Video di test 758','Sport','/media/video_758.mp4',0,1.2,5336,56,'2024-09-26',NULL,0,'Note per video 758',0),(763,'Video di test 759','Documentario','/media/video_759.mp4',1,10,6638,58,'2025-01-29','2025-06-09 11:22:31',0,'Note per video 759',1),(764,'Video di test 760','Tutorial','/media/video_760.mp4',0,5.1,5348,25,'2025-08-07','2025-08-24 11:22:31',0,'Note per video 760',0),(765,'Video di test 761','Tutorial','/media/video_761.mp4',0,5.4,5067,164,'2025-09-02','2025-09-03 11:22:31',0,'Note per video 761',0),(767,'Video di test 763','Sport','/media/video_763.mp4',0,0.6,2647,26,'2024-10-07','2025-07-27 11:22:32',0,'Note per video 763',0),(768,'Video di test 764','Documentario','/media/video_764.mp4',0,9,9444,5,'2025-05-18','2025-07-03 11:22:32',0,'Note per video 764',0),(769,'Video di test 765','Sport','/media/video_765.mp4',0,2,5685,44,'2025-03-09',NULL,0,'Note per video 765',0),(770,'Video di test 766','Sport','/media/video_766.mp4',0,8.3,9719,66,'2024-10-06','2025-08-26 11:22:32',0,'Note per video 766',0),(771,'Video di test 767','Sport','/media/video_767.mp4',0,0.6,8839,45,'2025-02-09','2025-08-04 11:22:32',0,'Note per video 767',0),(772,'Video di test 768','Musica','/media/video_768.mp4',1,4.3,1017,41,'2024-11-10','2025-08-27 11:22:32',0,'Note per video 768',0),(773,'Video di test 769','Sport','/media/video_769.mp4',0,1.3,8874,7,'2025-02-26','2025-07-28 11:22:32',0,'Note per video 769',0),(774,'Video di test 770','Musica','/media/video_770.mp4',0,7.3,297,174,'2024-12-13',NULL,0,'Note per video 770',0),(775,'Video di test 771','Musica','/media/video_771.mp4',0,8.4,2630,140,'2025-08-01','2025-06-08 11:22:32',0,'Note per video 771',0),(777,'Video di test 773','Musica','/media/video_773.mp4',1,10,4888,80,'2024-12-08','2025-08-22 11:22:32',0,'Note per video 773',0),(778,'Video di test 774','Tutorial','/media/video_774.mp4',1,5.9,7816,25,'2025-05-06','2025-06-19 11:22:32',0,'Note per video 774',0),(779,'Video di test 775','Sport','/media/video_775.mp4',1,6.7,2754,65,'2025-09-15',NULL,0,'Note per video 775',0),(780,'Video di test 776','Musica','/media/video_776.mp4',1,3.2,9988,8,'2025-06-25',NULL,0,'Note per video 776',0),(782,'Video di test 778','Sport','/media/video_778.mp4',0,1.6,968,1,'2024-12-18','2025-08-20 11:22:32',0,'Note per video 778',0),(783,'Video di test 779','Sport','/media/video_779.mp4',0,5.7,7666,20,'2025-06-11',NULL,0,'Note per video 779',0),(784,'Video di test 780','Musica','/media/video_780.mp4',0,4.8,8536,151,'2025-01-26','2025-08-05 11:22:32',1,'Note per video 780',0),(785,'Video di test 781','Musica','/media/video_781.mp4',0,9.4,8369,63,'2025-06-19','2025-09-10 11:22:32',0,'Note per video 781',0),(786,'Video di test 782','Sport','/media/video_782.mp4',1,2.7,8369,68,'2025-04-30',NULL,0,'Note per video 782',1),(787,'Video di test 783','Sport','/media/video_783.mp4',0,8.8,3972,63,'2025-02-22',NULL,0,'Note per video 783',0),(788,'Video di test 784','Musica','/media/video_784.mp4',0,5.7,6616,108,'2025-09-01','2025-06-26 11:22:32',0,'Note per video 784',0),(790,'Video di test 786','Documentario','/media/video_786.mp4',0,2.4,2153,64,'2025-07-21','2025-09-15 11:22:32',0,'Note per video 786',0),(791,'Video di test 787','Documentario','/media/video_787.mp4',0,0.7,5288,75,'2025-03-13','2025-06-13 11:22:32',0,'Note per video 787',0),(792,'Video di test 788','Documentario','/media/video_788.mp4',0,2.5,5375,170,'2025-07-28',NULL,0,'Note per video 788',0),(793,'Video di test 789','Sport','/media/video_789.mp4',0,0.5,9369,97,'2024-10-27',NULL,0,'Note per video 789',0),(794,'Video di test 790','Musica','/media/video_790.mp4',1,5.1,2640,144,'2025-06-30','2025-07-11 11:22:32',0,'Note per video 790',0),(795,'Video di test 791','Musica','/media/video_791.mp4',0,5.6,571,106,'2024-11-30','2025-07-20 11:22:32',0,'Note per video 791',0),(796,'Video di test 792','Sport','/media/video_792.mp4',0,8.6,9239,7,'2025-04-07','2025-09-06 11:22:32',0,'Note per video 792',0),(798,'Video di test 794','Documentario','/media/video_794.mp4',0,10,3609,146,'2024-09-16','2025-07-06 11:22:32',0,'Note per video 794',0),(800,'Video di test 796','Documentario','/media/video_796.mp4',0,8.5,3096,0,'2025-08-18','2025-07-06 11:22:32',0,'Note per video 796',0),(801,'Video di test 797','Sport','/media/video_797.mp4',0,2.3,1343,176,'2025-03-14','2025-07-31 11:22:32',0,'Note per video 797',0),(804,'Video di test 800','Sport','/media/video_800.mp4',0,5.6,4627,116,'2024-11-09','2025-06-08 11:22:32',1,'Note per video 800',0),(805,'Video di test 801','Documentario','/media/video_801.mp4',0,0.7,5046,54,'2024-09-18','2025-08-15 11:22:32',0,'Note per video 801',0),(806,'Video di test 802','Musica','/media/video_802.mp4',1,4.4,563,172,'2025-02-03','2025-08-27 11:22:32',0,'Note per video 802',0),(809,'Video di test 805','Musica','/media/video_805.mp4',0,5.9,1575,3,'2025-01-31','2025-08-04 11:22:32',0,'Note per video 805',0),(810,'Video di test 806','Musica','/media/video_806.mp4',1,3.1,5288,126,'2024-10-07','2025-09-05 11:22:32',0,'Note per video 806',0),(811,'Video di test 807','Documentario','/media/video_807.mp4',0,0.9,133,145,'2025-09-10','2025-08-31 11:22:32',0,'Note per video 807',0),(813,'Video di test 809','Documentario','/media/video_809.mp4',0,1.9,2190,92,'2024-10-16','2025-08-04 11:22:32',1,'Note per video 809',0),(814,'Video di test 810','Sport','/media/video_810.mp4',0,1.3,6600,163,'2025-02-27','2025-07-30 11:22:32',0,'Note per video 810',0),(816,'Video di test 812','Sport','/media/video_812.mp4',1,1.8,6276,108,'2025-08-01',NULL,0,'Note per video 812',0),(817,'Video di test 813','Sport','/media/video_813.mp4',0,3.5,9350,112,'2025-05-21',NULL,0,'Note per video 813',0),(818,'Video di test 814','Tutorial','/media/video_814.mp4',0,0.4,5211,85,'2024-11-26','2025-07-17 11:22:32',0,'Note per video 814',0),(819,'Video di test 815','Documentario','/media/video_815.mp4',0,1.2,4672,177,'2025-03-11','2025-07-15 11:22:32',0,'Note per video 815',0),(821,'Video di test 817','Sport','/media/video_817.mp4',1,6.1,5587,176,'2025-06-29','2025-09-09 11:22:32',0,'Note per video 817',0),(822,'Video di test 818','Tutorial','/media/video_818.mp4',1,1.7,5046,2,'2025-03-01','2025-07-01 11:22:32',0,'Note per video 818',0),(823,'Video di test 819','Tutorial','/media/video_819.mp4',0,6.7,5453,131,'2025-09-10',NULL,0,'Note per video 819',0),(824,'Video di test 820','Documentario','/media/video_820.mp4',0,1.9,73,83,'2025-05-31','2025-07-23 11:22:32',0,'Note per video 820',0),(825,'Video di test 821','Sport','/media/video_821.mp4',0,4.2,7030,45,'2025-07-20','2025-07-11 11:22:32',0,'Note per video 821',0),(826,'Video di test 822','Musica','/media/video_822.mp4',0,5,8632,147,'2025-03-18','2025-07-10 11:22:32',0,'Note per video 822',0),(827,'Video di test 823','Documentario','/media/video_823.mp4',1,0.1,5904,163,'2024-12-07','2025-08-09 11:22:32',0,'Note per video 823',0),(828,'Video di test 824','Documentario','/media/video_824.mp4',0,9.3,7362,159,'2025-06-24','2025-07-06 11:22:32',0,'Note per video 824',0),(829,'Video di test 825','Tutorial','/media/video_825.mp4',0,0.1,3464,123,'2025-04-23',NULL,0,'Note per video 825',0),(831,'Video di test 827','Tutorial','/media/video_827.mp4',0,0.8,2017,135,'2025-07-15','2025-08-02 11:22:32',0,'Note per video 827',0),(832,'Video di test 828','Sport','/media/video_828.mp4',0,3,4195,33,'2025-01-18',NULL,0,'Note per video 828',0),(833,'Video di test 829','Musica','/media/video_829.mp4',0,5.4,6866,145,'2024-09-19','2025-07-12 11:22:32',0,'Note per video 829',0),(834,'Video di test 830','Musica','/media/video_830.mp4',0,0.4,2685,41,'2025-05-07','2025-08-03 11:22:32',0,'Note per video 830',0),(835,'Video di test 831','Tutorial','/media/video_831.mp4',1,9.7,4759,82,'2024-10-31',NULL,0,'Note per video 831',0),(836,'Video di test 832','Documentario','/media/video_832.mp4',0,4.6,1210,41,'2024-12-05','2025-07-04 11:22:32',1,'Note per video 832',0),(838,'Video di test 834','Tutorial','/media/video_834.mp4',0,2.3,5135,155,'2024-12-07','2025-09-07 11:22:32',0,'Note per video 834',0),(839,'Video di test 835','Documentario','/media/video_835.mp4',0,3.8,8470,18,'2024-09-24','2025-06-15 11:22:32',0,'Note per video 835',0),(840,'Video di test 836','Documentario','/media/video_836.mp4',1,2.6,7254,153,'2025-08-12',NULL,0,'Note per video 836',0),(841,'Video di test 837','Tutorial','/media/video_837.mp4',0,9,7493,6,'2024-10-08','2025-09-09 11:22:32',0,'Note per video 837',0),(842,'Video di test 838','Documentario','/media/video_838.mp4',0,4.2,5148,54,'2024-09-27',NULL,0,'Note per video 838',0),(843,'Video di test 839','Tutorial','/media/video_839.mp4',0,5.6,7238,167,'2025-03-27','2025-07-29 11:22:32',0,'Note per video 839',1),(844,'Video di test 840','Sport','/media/video_840.mp4',0,8,1331,45,'2024-11-06','2025-09-03 11:22:32',0,'Note per video 840',0),(845,'Video di test 841','Tutorial','/media/video_841.mp4',1,4.3,9360,72,'2025-07-03',NULL,0,'Note per video 841',0),(846,'Video di test 842','Sport','/media/video_842.mp4',1,3.4,1542,135,'2025-06-02','2025-09-05 11:22:32',0,'Note per video 842',0),(847,'Video di test 843','Musica','/media/video_843.mp4',0,3.6,3427,111,'2025-08-17','2025-07-30 11:22:32',0,'Note per video 843',0),(848,'Video di test 844','Tutorial','/media/video_844.mp4',0,7.1,8759,46,'2025-01-14','2025-06-22 11:22:32',0,'Note per video 844',0),(849,'Video di test 845','Documentario','/media/video_845.mp4',0,5.9,1600,7,'2024-12-19','2025-07-16 11:22:32',0,'Note per video 845',0),(850,'Video di test 846','Sport','/media/video_846.mp4',0,9.2,2409,78,'2025-04-05',NULL,0,'Note per video 846',0),(851,'Video di test 847','Tutorial','/media/video_847.mp4',0,7.9,4721,176,'2025-03-21','2025-09-13 11:22:32',0,'Note per video 847',1),(852,'Video di test 848','Musica','/media/video_848.mp4',1,7.5,4956,40,'2025-01-23','2025-06-26 11:22:32',0,'Note per video 848',0),(853,'Video di test 849','Sport','/media/video_849.mp4',0,3.9,9902,142,'2024-09-22','2025-07-05 11:22:32',1,'Note per video 849',1),(854,'Video di test 850','Tutorial','/media/video_850.mp4',0,7.1,4038,161,'2025-06-12','2025-08-10 11:22:32',0,'Note per video 850',0),(856,'Video di test 852','Documentario','/media/video_852.mp4',1,1.1,2349,150,'2025-03-25',NULL,0,'Note per video 852',0),(857,'Video di test 853','Tutorial','/media/video_853.mp4',0,7.6,8067,134,'2025-05-20','2025-06-19 11:22:32',0,'Note per video 853',0),(858,'Video di test 854','Documentario','/media/video_854.mp4',0,2.8,4818,102,'2025-04-26','2025-09-08 11:22:32',0,'Note per video 854',0),(861,'Video di test 857','Sport','/media/video_857.mp4',0,4.1,2079,143,'2025-05-04','2025-09-03 11:22:32',0,'Note per video 857',0),(862,'Video di test 858','Documentario','/media/video_858.mp4',1,9.1,3836,35,'2024-11-12','2025-07-20 11:22:32',1,'Note per video 858',0),(863,'Video di test 859','Tutorial','/media/video_859.mp4',0,0.8,6144,149,'2025-05-23','2025-07-31 11:22:32',1,'Note per video 859',1),(865,'Video di test 861','Musica','/media/video_861.mp4',0,2.8,6203,47,'2025-04-02','2025-09-06 11:22:32',0,'Note per video 861',0),(866,'Video di test 862','Musica','/media/video_862.mp4',0,9.7,4108,26,'2025-03-13','2025-06-08 11:22:32',0,'Note per video 862',0),(871,'Video di test 867','Tutorial','/media/video_867.mp4',0,9.7,9992,17,'2025-03-23','2025-08-29 11:22:32',0,'Note per video 867',0),(872,'Video di test 868','Musica','/media/video_868.mp4',0,0.4,1357,102,'2025-04-06','2025-08-23 11:22:32',0,'Note per video 868',0),(873,'Video di test 869','Sport','/media/video_869.mp4',0,7.8,8976,28,'2025-08-09','2025-06-21 11:22:32',0,'Note per video 869',0),(875,'Video di test 871','Sport','/media/video_871.mp4',0,8,2167,121,'2024-12-28','2025-07-11 11:22:32',0,'Note per video 871',0),(877,'Video di test 873','Documentario','/media/video_873.mp4',0,5.4,1029,162,'2025-07-03','2025-06-11 11:22:32',0,'Note per video 873',0),(879,'Video di test 875','Tutorial','/media/video_875.mp4',0,6.2,5761,3,'2025-05-08',NULL,0,'Note per video 875',0),(880,'Video di test 876','Sport','/media/video_876.mp4',1,9.8,7910,2,'2025-01-08','2025-06-14 11:22:32',0,'Note per video 876',0),(881,'Video di test 877','Documentario','/media/video_877.mp4',0,7.2,7340,89,'2025-06-06',NULL,0,'Note per video 877',0),(884,'Video di test 880','Tutorial','/media/video_880.mp4',0,6.1,3211,139,'2024-10-14','2025-07-15 11:22:32',0,'Note per video 880',0),(885,'Video di test 881','Tutorial','/media/video_881.mp4',0,2.2,7868,48,'2024-09-21','2025-07-17 11:22:32',0,'Note per video 881',0),(886,'Video di test 882','Documentario','/media/video_882.mp4',0,7.3,2697,26,'2024-10-15','2025-09-14 11:22:32',0,'Note per video 882',0),(887,'Video di test 883','Documentario','/media/video_883.mp4',0,2.9,6381,57,'2025-01-08','2025-08-15 11:22:32',0,'Note per video 883',0),(889,'Video di test 885','Documentario','/media/video_885.mp4',0,1.9,8542,128,'2025-09-14',NULL,0,'Note per video 885',0),(891,'Video di test 887','Sport','/media/video_887.mp4',0,1.8,121,94,'2025-02-15','2025-06-10 11:22:32',0,'Note per video 887',0),(892,'Video di test 888','Documentario','/media/video_888.mp4',0,5.2,8434,119,'2024-12-04',NULL,0,'Note per video 888',0),(893,'Video di test 889','Sport','/media/video_889.mp4',1,5.4,6783,140,'2024-11-02','2025-08-06 11:22:32',1,'Note per video 889',0),(896,'Video di test 892','Sport','/media/video_892.mp4',0,9.9,2954,90,'2025-01-25','2025-07-30 11:22:32',0,'Note per video 892',0),(897,'Video di test 893','Sport','/media/video_893.mp4',0,4.1,8978,44,'2025-03-05',NULL,1,'Note per video 893',0),(898,'Video di test 894','Sport','/media/video_894.mp4',1,5.9,3838,29,'2025-01-15',NULL,0,'Note per video 894',0),(899,'Video di test 895','Sport','/media/video_895.mp4',1,6.6,2543,52,'2025-01-03','2025-09-15 11:22:32',0,'Note per video 895',0),(901,'Video di test 897','Tutorial','/media/video_897.mp4',0,3.6,3949,163,'2025-05-13','2025-06-10 11:22:32',0,'Note per video 897',0),(902,'Video di test 898','Musica','/media/video_898.mp4',0,4.7,8846,1,'2025-04-24',NULL,0,'Note per video 898',0),(903,'Video di test 899','Sport','/media/video_899.mp4',0,3.8,147,170,'2025-01-05','2025-09-09 11:22:32',0,'Note per video 899',0),(905,'Video di test 901','Musica','/media/video_901.mp4',1,8.1,6380,139,'2024-10-03','2025-08-13 11:22:32',0,'Note per video 901',0),(906,'Video di test 902','Tutorial','/media/video_902.mp4',0,2.4,8927,135,'2025-08-20','2025-08-13 11:22:32',0,'Note per video 902',0),(909,'Video di test 905','Tutorial','/media/video_905.mp4',1,6.1,7948,27,'2025-04-25','2025-08-17 11:22:32',0,'Note per video 905',0),(910,'Video di test 906','Musica','/media/video_906.mp4',0,5,2971,177,'2025-09-02','2025-09-15 11:22:32',0,'Note per video 906',0),(912,'Video di test 908','Sport','/media/video_908.mp4',0,0.8,183,155,'2025-06-11',NULL,0,'Note per video 908',0),(913,'Video di test 909','Musica','/media/video_909.mp4',1,7.9,4180,132,'2025-04-15',NULL,0,'Note per video 909',0),(914,'Video di test 910','Documentario','/media/video_910.mp4',0,4.4,9616,85,'2025-03-21','2025-07-16 11:22:32',1,'Note per video 910',0),(915,'Video di test 911','Sport','/media/video_911.mp4',0,3.9,7961,143,'2025-02-12','2025-09-10 11:22:32',0,'Note per video 911',0),(916,'Video di test 912','Tutorial','/media/video_912.mp4',0,2.5,4588,95,'2025-06-06',NULL,0,'Note per video 912',0),(917,'Video di test 913','Documentario','/media/video_913.mp4',0,0.6,3811,128,'2025-04-11','2025-06-30 11:22:32',0,'Note per video 913',0),(919,'Video di test 915','Documentario','/media/video_915.mp4',1,0.6,8154,162,'2025-08-17','2025-08-27 11:22:32',0,'Note per video 915',1),(920,'Video di test 916','Documentario','/media/video_916.mp4',1,1.2,3398,59,'2025-01-30','2025-06-26 11:22:32',0,'Note per video 916',0),(921,'Video di test 917','Musica','/media/video_917.mp4',0,5.6,1389,3,'2025-01-13','2025-07-24 11:22:32',0,'Note per video 917',0),(922,'Video di test 918','Documentario','/media/video_918.mp4',0,3.4,5468,126,'2024-11-01','2025-07-09 11:22:32',0,'Note per video 918',0),(924,'Video di test 920','Documentario','/media/video_920.mp4',0,3.7,9025,73,'2025-05-15','2025-08-17 11:22:32',1,'Note per video 920',0),(925,'Video di test 921','Musica','/media/video_921.mp4',0,1.7,997,177,'2025-01-28','2025-09-07 11:22:32',0,'Note per video 921',0),(926,'Video di test 922','Musica','/media/video_922.mp4',0,2.2,5132,163,'2025-09-12','2025-07-23 11:22:32',0,'Note per video 922',0),(927,'Video di test 923','Tutorial','/media/video_923.mp4',0,6,805,107,'2024-12-20',NULL,0,'Note per video 923',0),(928,'Video di test 924','Documentario','/media/video_924.mp4',1,6.4,236,34,'2024-10-27',NULL,0,'Note per video 924',0),(929,'Video di test 925','Documentario','/media/video_925.mp4',1,0.1,7336,116,'2025-08-30','2025-08-19 11:22:32',0,'Note per video 925',0),(931,'Video di test 927','Musica','/media/video_927.mp4',1,5.4,2594,121,'2025-02-09',NULL,1,'Note per video 927',0),(932,'Video di test 928','Musica','/media/video_928.mp4',0,1.7,3394,32,'2024-10-26',NULL,0,'Note per video 928',0),(933,'Video di test 929','Documentario','/media/video_929.mp4',1,5.5,1782,43,'2025-01-12','2025-08-24 11:22:32',0,'Note per video 929',0),(934,'Video di test 930','Sport','/media/video_930.mp4',0,2.8,6889,107,'2024-10-13',NULL,0,'Note per video 930',0),(935,'Video di test 931','Documentario','/media/video_931.mp4',0,9.7,6882,97,'2025-01-28','2025-06-25 11:22:32',0,'Note per video 931',0),(936,'Video di test 932','Tutorial','/media/video_932.mp4',0,8.1,5000,13,'2024-11-04','2025-06-15 11:22:32',0,'Note per video 932',0),(938,'Video di test 934','Musica','/media/video_934.mp4',0,1.5,1852,84,'2024-12-05','2025-09-01 11:22:32',0,'Note per video 934',0),(939,'Video di test 935','Musica','/media/video_935.mp4',0,6,3625,4,'2025-08-31','2025-07-24 11:22:32',0,'Note per video 935',0),(940,'Video di test 936','Musica','/media/video_936.mp4',0,4.5,7044,30,'2024-12-18','2025-06-30 11:22:32',0,'Note per video 936',0),(941,'Video di test 937','Documentario','/media/video_937.mp4',0,1,8225,147,'2025-01-29','2025-07-25 11:22:32',0,'Note per video 937',0),(942,'Video di test 938','Sport','/media/video_938.mp4',0,8.1,7434,53,'2025-06-10','2025-08-08 11:22:32',0,'Note per video 938',0),(943,'Video di test 939','Tutorial','/media/video_939.mp4',0,9,3054,148,'2025-07-04','2025-09-06 11:22:32',0,'Note per video 939',0),(944,'Video di test 940','Musica','/media/video_940.mp4',0,4.6,9366,55,'2024-12-26','2025-08-19 11:22:32',0,'Note per video 940',0),(946,'Video di test 942','Sport','/media/video_942.mp4',0,1.6,7425,42,'2024-10-05','2025-08-14 11:22:32',0,'Note per video 942',0),(947,'Video di test 943','Musica','/media/video_943.mp4',0,4,794,37,'2024-11-29','2025-08-03 11:22:32',1,'Note per video 943',1),(948,'Video di test 944','Tutorial','/media/video_944.mp4',0,6,3212,143,'2025-09-03',NULL,0,'Note per video 944',0),(949,'Video di test 945','Tutorial','/media/video_945.mp4',0,0.3,4329,14,'2025-08-07','2025-08-30 11:22:32',0,'Note per video 945',0),(950,'Video di test 946','Sport','/media/video_946.mp4',1,0.5,9971,148,'2025-07-25','2025-07-04 11:22:32',0,'Note per video 946',0),(951,'Video di test 947','Documentario','/media/video_947.mp4',0,1.9,9772,57,'2025-01-12','2025-09-10 11:22:32',1,'Note per video 947',0),(952,'Video di test 948','Musica','/media/video_948.mp4',1,6.2,7113,123,'2025-05-29','2025-08-18 11:22:32',1,'Note per video 948',0),(953,'Video di test 949','Tutorial','/media/video_949.mp4',0,5.4,4131,81,'2025-09-06',NULL,0,'Note per video 949',0),(954,'Video di test 950','Tutorial','/media/video_950.mp4',0,8.6,4602,130,'2025-06-16','2025-07-14 11:22:32',0,'Note per video 950',0),(955,'Video di test 951','Musica','/media/video_951.mp4',0,8.1,9606,66,'2024-09-26',NULL,0,'Note per video 951',0),(956,'Video di test 952','Musica','/media/video_952.mp4',0,3,4844,96,'2025-06-25','2025-06-13 11:22:32',0,'Note per video 952',0),(957,'Video di test 953','Tutorial','/media/video_953.mp4',0,5,7298,24,'2025-03-19','2025-06-24 11:22:32',0,'Note per video 953',0),(958,'Video di test 954','Musica','/media/video_954.mp4',0,3.4,3114,94,'2025-01-07',NULL,0,'Note per video 954',0),(960,'Video di test 956','Musica','/media/video_956.mp4',0,4.7,5040,18,'2025-09-14',NULL,0,'Note per video 956',0),(961,'Video di test 957','Documentario','/media/video_957.mp4',0,6.4,9929,8,'2025-06-09','2025-08-27 11:22:32',0,'Note per video 957',0),(962,'Video di test 958','Sport','/media/video_958.mp4',0,3.7,9579,124,'2025-02-13',NULL,0,'Note per video 958',0),(963,'Video di test 959','Tutorial','/media/video_959.mp4',1,1.6,2834,170,'2024-10-30','2025-09-04 11:22:32',0,'Note per video 959',0),(965,'Video di test 961','Documentario','/media/video_961.mp4',0,1.3,5779,88,'2024-12-25','2025-07-22 11:22:32',0,'Note per video 961',0),(966,'Video di test 962','Tutorial','/media/video_962.mp4',0,3.2,633,65,'2025-01-26','2025-07-26 11:22:32',0,'Note per video 962',1),(967,'Video di test 963','Sport','/media/video_963.mp4',0,7.3,642,25,'2025-03-15','2025-09-13 11:22:32',0,'Note per video 963',0),(968,'Video di test 964','Musica','/media/video_964.mp4',0,7.3,7509,101,'2025-02-22','2025-06-13 11:22:32',0,'Note per video 964',0),(970,'Video di test 966','Sport','/media/video_966.mp4',0,2.1,7772,45,'2024-10-14',NULL,0,'Note per video 966',1),(971,'Video di test 967','Documentario','/media/video_967.mp4',0,4.8,8335,133,'2025-06-30',NULL,0,'Note per video 967',0),(972,'Video di test 968','Tutorial','/media/video_968.mp4',0,0.6,6007,145,'2025-06-19',NULL,0,'Note per video 968',0),(975,'Video di test 971','Tutorial','/media/video_971.mp4',0,7.1,9214,85,'2025-02-09','2025-09-05 11:22:32',0,'Note per video 971',0),(976,'Video di test 972','Documentario','/media/video_972.mp4',0,8,8020,108,'2025-02-10','2025-09-06 11:22:32',0,'Note per video 972',0),(979,'Video di test 975','Musica','/media/video_975.mp4',0,1.6,8151,105,'2025-03-22','2025-06-17 11:22:32',0,'Note per video 975',0),(980,'Video di test 976','Tutorial','/media/video_976.mp4',0,10,1003,92,'2025-06-07',NULL,0,'Note per video 976',0),(983,'Video di test 979','Documentario','/media/video_979.mp4',0,7.5,7108,55,'2025-04-20','2025-08-13 11:22:32',0,'Note per video 979',0),(984,'Video di test 980','Documentario','/media/video_980.mp4',0,0.1,1637,144,'2025-03-09','2025-08-01 11:22:32',0,'Note per video 980',0),(986,'Video di test 982','Sport','/media/video_982.mp4',0,5.2,8164,92,'2025-07-30','2025-09-04 11:22:32',0,'Note per video 982',0),(987,'Video di test 983','Sport','/media/video_983.mp4',0,7.9,7640,81,'2024-09-26','2025-07-18 11:22:32',0,'Note per video 983',0),(989,'Video di test 985','Tutorial','/media/video_985.mp4',1,1.7,7897,76,'2024-12-12','2025-08-12 11:22:32',0,'Note per video 985',0),(990,'Video di test 986','Musica','/media/video_986.mp4',0,7,8752,51,'2024-11-23','2025-07-20 11:22:32',0,'Note per video 986',0),(992,'Video di test 988','Tutorial','/media/video_988.mp4',0,7,8912,64,'2025-07-30','2025-07-31 11:22:32',0,'Note per video 988',0),(994,'Video di test 990','Tutorial','/media/video_990.mp4',0,7,1421,109,'2025-02-01','2025-07-28 11:22:32',0,'Note per video 990',0),(995,'Video di test 991','Tutorial','/media/video_991.mp4',0,3.1,9578,152,'2025-05-08','2025-08-30 11:22:32',1,'Note per video 991',0),(997,'Video di test 993','Sport','/media/video_993.mp4',1,1.4,6036,107,'2025-07-16','2025-06-30 11:22:32',0,'Note per video 993',0),(999,'Video di test 995','Tutorial','/media/video_995.mp4',0,1.9,2950,164,'2025-01-07','2025-08-05 11:22:32',0,'Note per video 995',0),(1000,'Video di test 996','Musica','/media/video_996.mp4',0,0.5,7854,137,'2025-03-27','2025-06-17 11:22:32',0,'Note per video 996',0),(1001,'Video di test 997','Tutorial','/media/video_997.mp4',1,4.4,6758,10,'2025-06-16','2025-07-10 11:22:32',0,'Note per video 997',0),(1003,'Video di test 999','Sport','/media/video_999.mp4',0,8.1,3050,14,'2025-03-22','2025-07-27 11:22:32',0,'Note per video 999',0),(1004,'Video di test 1000','Sport','/media/video_1000.mp4',0,5.4,7833,53,'2025-07-23',NULL,0,'Note per video 1000',0),(1007,'Ronaldo il fenomeno','Sport','\\video\\calcio\\ronaldo-il fenomeno.mp4',0,0,0,20,'2025-09-23',NULL,0,'il video descrive la carriera di Ronaldo calciatore di Barcellona e Inter',0),(1008,'la seconda guerra mondiale','Documentario','\\video\\documentari\\seconda_guerra_mondiale.mp4',0,0,0,56,'2025-09-26',NULL,0,'il video racconta la storia della guerra mondiale',0),(1009,'aaa','Musica','\\se\\cdr\\sefrn.mp4',0,NULL,0,54,'2025-09-30',NULL,0,'cccdd  ddd  ddd',0),(1010,'titolo','Chitarra','\\as\\we\\cfr.mp4',0,0,0,8,'2025-09-26',NULL,0,NULL,0),(1011,'ccc','Documentario','\\film\\azione\\film1.mp4',0,1,0,67,NULL,NULL,0,NULL,0),(1013,'tyu','Sport','ttyuu/jjuy/ttre',0,0,1,66,'2025-11-21','2025-11-21 18:03:09',0,'hhhh',0),(1014,'pippo','Documentario','/path/pippo',0,0,0,9,'2025-11-24',NULL,0,NULL,0),(1015,'prova Video','Documentario','/pippo/prova',0,0,0,34,'2025-11-24',NULL,0,NULL,1),(1016,'prova chitarra','Chitarra','/path/pippo',0,0,0,9,'2025-11-24',NULL,0,NULL,1),(1017,'prova chitarra 2','Chitarra','/path/pluto',0,0,0,5,'2025-11-24','2025-11-24 01:00:00',0,NULL,0);
/*!40000 ALTER TABLE `video` ENABLE KEYS */;
UNLOCK TABLES;
/*!40103 SET TIME_ZONE=@OLD_TIME_ZONE */;

/*!40101 SET SQL_MODE=@OLD_SQL_MODE */;
/*!40014 SET FOREIGN_KEY_CHECKS=@OLD_FOREIGN_KEY_CHECKS */;
/*!40014 SET UNIQUE_CHECKS=@OLD_UNIQUE_CHECKS */;
/*!40101 SET CHARACTER_SET_CLIENT=@OLD_CHARACTER_SET_CLIENT */;
/*!40101 SET CHARACTER_SET_RESULTS=@OLD_CHARACTER_SET_RESULTS */;
/*!40101 SET COLLATION_CONNECTION=@OLD_COLLATION_CONNECTION */;
/*!40111 SET SQL_NOTES=@OLD_SQL_NOTES */;

-- Dump completed on 2026-03-25 17:46:20
